airfoil,re,alpha_deg,cl,cd,cm,confidence
naca0010,50000.0,-6.0,-0.6622705921009371,0.029465164267125643,-0.007097833689416895,0.9904646324148123
naca0010,50000.0,-5.75,-0.6387002248120269,0.027766388893106963,-0.006022659709000616,0.9901037055056049
naca0010,50000.0,-5.5,-0.6150633970594447,0.026253302554144,-0.004814298946491399,0.989525053237035
naca0010,50000.0,-5.25,-0.59210311550407,0.02488622968295037,-0.0033282904124132466,0.9888374099637123
naca0010,50000.0,-5.0,-0.5706646438905962,0.023613487801716335,-0.0013580329650513588,0.9880779051379078
naca0010,50000.0,-4.75,-0.5515035732409909,0.02247294449174675,0.0012407308729128015,0.9871791834850433
naca0010,50000.0,-4.5,-0.5344838273601491,0.021586559527028048,0.004450033881327264,0.9860865586889709
naca0010,50000.0,-4.25,-0.5185247299821727,0.020995573878194902,0.008148018096751685,0.9848007665282896
naca0010,50000.0,-4.0,-0.5024377063924957,0.020633118215700103,0.012291594156588741,0.9832064930993379
naca0010,50000.0,-3.75,-0.4860580925075189,0.020427194307330455,0.01708568072591321,0.9811814440792521
naca0010,50000.0,-3.5,-0.4681559405117369,0.02042348396348384,0.022298744112738703,0.9789749333112713
naca0010,50000.0,-3.25,-0.4366314610348696,0.020740110673752043,0.025193284643312677,0.9774729371787347
naca0010,50000.0,-3.0,-0.37008778528206254,0.021251983887751045,0.020762676434653474,0.9775389123753073
naca0010,50000.0,-2.75,-0.2749917744818776,0.02152329977577166,0.009443414404990792,0.9787774344019494
naca0010,50000.0,-2.5,-0.18676348256914252,0.021273375670730194,-0.0020379404552602113,0.9802128604415851
naca0010,50000.0,-2.25,-0.1259435030366285,0.020677294233708697,-0.009361149546264375,0.9814522430167878
naca0010,50000.0,-2.0,-0.0904525352281183,0.02000505093701781,-0.012449400918374876,0.9825071179756306
naca0010,50000.0,-1.75,-0.0708012433005899,0.019386543443965894,-0.012740385301686906,0.9834004693146426
naca0010,50000.0,-1.5,-0.058923626778357406,0.018858874194900056,-0.011556381232333214,0.9841223946559134
naca0010,50000.0,-1.25,-0.04992882079725007,0.018428645920623776,-0.00973449379519394,0.984674097249444
naca0010,50000.0,-1.0,-0.04135336015741494,0.018092606495255775,-0.0077136104871908615,0.9850747236232579
naca0010,50000.0,-0.75,-0.032161711245938106,0.01784339649828668,-0.00569104830636034,0.9853509124170678
naca0010,50000.0,-0.5,-0.02208429946573257,0.017672692208727983,-0.0037346618845988996,0.9855281230970696
naca0010,50000.0,-0.25,-0.011252282239463304,0.01757337920698488,-0.001847077029070874,0.9856262016985902
naca0010,50000.0,0.0,2.2104331905296652e-16,0.0175408091362219,4.420797946728006e-17,0.9856575032208965
naca0010,50000.0,0.25,0.011252282239463415,0.01757337920698488,0.0018470770290707635,0.9856262016985902
naca0010,50000.0,0.5,0.02208429946573312,0.017672692208727983,0.0037346618845988996,0.9855281230970696
naca0010,50000.0,0.75,0.03216171124593871,0.01784339649828668,0.005691048306360428,0.9853509124170676
naca0010,50000.0,1.0,0.041353360157414996,0.018092606495255775,0.007713610487190882,0.9850747236232579
naca0010,50000.0,1.25,0.04992882079724969,0.0184286459206238,0.009734493795194083,0.984674097249444
naca0010,50000.0,1.5,0.058923626778357566,0.01885887419490008,0.011556381232333148,0.9841223946559132
naca0010,50000.0,1.75,0.07080124330058968,0.019386543443965912,0.01274038530168694,0.9834004693146424
naca0010,50000.0,2.0,0.0904525352281199,0.02000505093701781,0.0124494009183747,0.9825071179756308
naca0010,50000.0,2.25,0.1259435030366309,0.020677294233708735,0.009361149546263966,0.9814522430167878
naca0010,50000.0,2.5,0.1867634825691467,0.021273375670730215,0.0020379404552595924,0.9802128604415851
naca0010,50000.0,2.75,0.2749917744818817,0.021523299775771644,-0.009443414404991446,0.9787774344019496
naca0010,50000.0,3.0,0.370087785282065,0.021251983887751028,-0.020762676434653796,0.9775389123753073
naca0010,50000.0,3.25,0.43663146103487044,0.02074011067375207,-0.025193284643312733,0.9774729371787347
naca0010,50000.0,3.5,0.4681559405117375,0.02042348396348385,-0.022298744112738557,0.9789749333112715
naca0010,50000.0,3.75,0.4860580925075188,0.02042719430733049,-0.0170856807259131,0.9811814440792521
naca0010,50000.0,4.0,0.5024377063924962,0.020633118215700165,-0.012291594156588785,0.9832064930993379
naca0010,50000.0,4.25,0.5185247299821732,0.020995573878194913,-0.008148018096751818,0.9848007665282896
naca0010,50000.0,4.5,0.5344838273601497,0.021586559527028048,-0.004450033881327418,0.9860865586889709
naca0010,50000.0,4.75,0.5515035732409911,0.022472944491746756,-0.00124073087291268,0.9871791834850433
naca0010,50000.0,5.0,0.5706646438905963,0.023613487801716324,0.0013580329650513697,0.9880779051379078
naca0010,50000.0,5.25,0.5921031155040704,0.024886229682950334,0.003328290412413313,0.9888374099637123
naca0010,50000.0,5.5,0.615063397059445,0.026253302554143966,0.004814298946491443,0.9895250532370348
naca0010,50000.0,5.75,0.638700224812027,0.02776638889310689,0.006022659709000781,0.9901037055056049
naca0010,50000.0,6.0,0.6622705921009368,0.029465164267125563,0.007097833689417181,0.9904646324148123
naca0010,50000.0,6.25,0.6850517479646918,0.03134984810920888,0.008135696083702614,0.9905133451649382
naca0010,50000.0,6.5,0.7063286152939666,0.03341563200203517,0.009214000814894376,0.9901980126661778
naca0010,50000.0,6.75,0.7255580737632858,0.03567882395860433,0.010389402916256594,0.9894764812662847
naca0010,50000.0,7.0,0.7425187295989016,0.038181921281298214,0.011685781900669236,0.9882525865129663
naca0010,50000.0,7.25,0.7572924070861338,0.04099483687811802,0.013095180327983107,0.9862755878845367
naca0010,50000.0,7.5,0.7701281308163078,0.044219436758575016,0.014580770530199084,0.9829624070328108
naca0010,50000.0,7.75,0.7813336288600041,0.04797777363427516,0.016054568115978832,0.9770564612564671
naca0010,50000.0,8.0,0.7913080472434272,0.0523438863204877,0.01730680043310177,0.9659143950419177
naca0010,50000.0,8.25,0.8004049794771309,0.05719412695557312,0.0178333236403502,0.9440750921905134
naca0010,50000.0,8.5,0.8046064060382698,0.062353170330596994,0.016383036130261663,0.9018877084008547
naca0010,50000.0,8.75,0.7744906432540762,0.07058682611613887,0.010216782166831629,0.8326768582097824
naca0010,50000.0,9.0,0.6835473467540066,0.0879618174651699,-0.0017550639821957918,0.7646399909460029
naca0010,50000.0,9.25,0.6210444697136244,0.10294576643569499,-0.0125983032145345,0.7494252188105288
naca0010,50000.0,9.5,0.6067553471609856,0.10982162654910572,-0.019036586301740106,0.7703996283559498
naca0010,50000.0,9.75,0.6035328815715599,0.11502216367221568,-0.022582113473466052,0.7954461779162386
naca0010,50000.0,10.0,0.6026169330384504,0.12005457672727889,-0.02447239115450139,0.8163725330242806
naca0010,50000.0,10.25,0.6038909614398011,0.12472987630236525,-0.02549536178921177,0.8335187502443624
naca0010,50000.0,10.5,0.6070964527457768,0.128994138808798,-0.026128785261211988,0.8479360261045013
naca0010,50000.0,10.75,0.611635419509522,0.13292389405726535,-0.026639983970922192,0.8601637728756377
naca0010,50000.0,11.0,0.616952699637098,0.1366133926891793,-0.027169542012682284,0.8704374523979931
naca0010,50000.0,11.25,0.622662315456445,0.14013810656309814,-0.027783505041212055,0.8789173344215325
naca0010,50000.0,11.5,0.6285397334524312,0.1435512213212488,-0.028505942583118504,0.8857701081137813
naca0010,50000.0,11.75,0.6344753891760613,0.14688824905444767,-0.02933954585170772,0.8911764895975208
naca0010,50000.0,12.0,0.6404291345878601,0.15017239798772064,-0.030278040426841794,0.8953221675794127
naca0010,50000.0,12.25,0.646396596534977,0.15341903171500246,-0.03131316705872598,0.8983899501164468
naca0010,50000.0,12.5,0.6523878050439946,0.15663887846505298,-0.03243824300150395,0.9005545244635426
naca0010,50000.0,12.75,0.6584154283166515,0.15984002653095725,-0.0336496470818526,0.9019788349301437
naca0010,50000.0,13.0,0.6644895041540835,0.16302895118863425,-0.034947094084071095,0.9028118023528182
naca0010,50000.0,13.25,0.6706160251391408,0.16621090131563526,-0.03633325533018022,0.9031873648800148
naca0010,50000.0,13.5,0.6767974551934582,0.16938995826991937,-0.03781309865512156,0.9032246039861881
naca0010,50000.0,13.75,0.6830339053416,0.17256902650088787,-0.03939321732346942,0.9030285221901252
naca0010,50000.0,14.0,0.6893241976918714,0.1757499504826147,-0.04108134130563667,0.9026910247363491
naca0010,50000.0,14.25,0.6956664386138816,0.17893387057319146,-0.04288613641043379,0.9022917717846457
naca0010,50000.0,14.5,0.7020580363270577,0.18212183275966923,-0.04481729374037849,0.9018987243845811
naca0010,50000.0,14.75,0.7084953159132051,0.18531557848412694,-0.04688582299078521,0.9015683599257158
naca0010,50000.0,15.0,0.7149729757683132,0.18851839200638668,-0.049104420170837514,0.9013456619592926
naca0010,50000.0,15.25,0.7214836023721899,0.19173588599127084,-0.05148778964598416,0.9012640769840059
naca0010,50000.0,15.5,0.7280173683538431,0.1949766464364607,-0.05405284050372477,0.9013456550737934
naca0010,50000.0,15.75,0.7345619448715581,0.19825270829063402,-0.056818718859065864,0.9016015436465555
naca0010,50000.0,16.0,0.7411026008882405,0.20157987138948402,-0.0598066629748265,0.9020329026436857
naca0010,100000.0,-6.0,-0.6567946646197095,0.021549147955732442,-0.004222835539565658,0.9844749779586065
naca0010,100000.0,-5.75,-0.6350704489615883,0.020392297887963345,-0.0033476317831110268,0.9819473390889163
naca0010,100000.0,-5.5,-0.6141424560121553,0.019267596767661665,-0.0023817010129249796,0.9791241155132208
naca0010,100000.0,-5.25,-0.5936732861044377,0.01817823493637583,-0.001251853111052973,0.976461353343814
naca0010,100000.0,-5.0,-0.5733321517311057,0.017154310592267543,7.042391343631233e-05,0.9745525315824607
naca0010,100000.0,-4.75,-0.553123435428618,0.016203609065174616,0.0015591312300448764,0.9737320246898282
naca0010,100000.0,-4.5,-0.5331079075661648,0.015330532475820387,0.0032810596915417213,0.9737460034543587
naca0010,100000.0,-4.25,-0.5131113332553116,0.014615890061076714,0.005161819720567891,0.9740830232740575
naca0010,100000.0,-4.0,-0.4928642900140906,0.014111427632433678,0.0070513048377677835,0.974467916605425
naca0010,100000.0,-3.75,-0.4724538104890832,0.013764742067440877,0.008947498221810667,0.974785573028585
naca0010,100000.0,-3.5,-0.4516696092510795,0.013532151029509349,0.01093166245355927,0.9749127687564355
naca0010,100000.0,-3.25,-0.4303560345381544,0.013372543764304391,0.013114817975391886,0.9746078751280896
naca0010,100000.0,-3.0,-0.40934933654909383,0.013232407612069706,0.01560616026783118,0.9734954349302737
naca0010,100000.0,-2.75,-0.38988090053516106,0.01311187105442838,0.018463037003707928,0.9714600560446137
naca0010,100000.0,-2.5,-0.3712092595590336,0.013054344406921211,0.021426004256762644,0.9689695092117316
naca0010,100000.0,-2.25,-0.34760636179093507,0.013094832591575708,0.023275878594096175,0.9667924554889255
naca0010,100000.0,-2.0,-0.3114432831523138,0.013233564703683486,0.022338677813523188,0.9653677135913747
naca0010,100000.0,-1.75,-0.2625087547849835,0.013416473396457714,0.018467462988080486,0.9645946681053167
naca0010,100000.0,-1.5,-0.2081482678857424,0.013566122030888562,0.013119442208719774,0.9641568999115235
naca0010,100000.0,-1.25,-0.15597659946400333,0.01364434353701387,0.007851019162184029,0.9638376511482232
naca0010,100000.0,-1.0,-0.11069565535443877,0.013658222606714772,0.0036839277187174333,0.9635718037353554
naca0010,100000.0,-0.75,-0.07387507988223344,0.013632992375648292,0.0010329265876690016,0.9633640407637737
naca0010,100000.0,-0.5,-0.04468279479060909,0.013594465699428229,-0.00018803934371872067,0.9632229887141553
naca0010,100000.0,-0.25,-0.020949754466911708,0.013562880912328112,-0.00036324432693683354,0.9631446001306472
naca0010,100000.0,0.0,2.2104331905296652e-16,0.013550916990437967,6.631243474344124e-17,0.9631198767753869
naca0010,100000.0,0.25,0.02094975446691287,0.013562880912328122,0.00036324432693667883,0.9631446001306474
naca0010,100000.0,0.5,0.04468279479061047,0.01359446569942824,0.00018803934371861014,0.9632229887141553
naca0010,100000.0,0.75,0.07387507988223525,0.01363299237564828,-0.0010329265876690792,0.9633640407637735
naca0010,100000.0,1.0,0.11069565535444131,0.01365822260671476,-0.0036839277187177425,0.9635718037353554
naca0010,100000.0,1.25,0.15597659946400547,0.013644343537013858,-0.007851019162184439,0.9638376511482232
naca0010,100000.0,1.5,0.20814826788574503,0.01356612203088855,-0.013119442208720205,0.9641568999115238
naca0010,100000.0,1.75,0.2625087547849862,0.01341647339645769,-0.018467462988080795,0.9645946681053169
naca0010,100000.0,2.0,0.3114432831523152,0.013233564703683474,-0.022338677813523285,0.9653677135913747
naca0010,100000.0,2.25,0.34760636179093624,0.013094832591575708,-0.023275878594096154,0.9667924554889257
naca0010,100000.0,2.5,0.3712092595590344,0.013054344406921199,-0.021426004256762388,0.9689695092117316
naca0010,100000.0,2.75,0.38988090053516145,0.013111871054428405,-0.018463037003707793,0.9714600560446138
naca0010,100000.0,3.0,0.4093493365490933,0.013232407612069718,-0.01560616026783111,0.9734954349302737
naca0010,100000.0,3.25,0.430356034538154,0.013372543764304403,-0.013114817975391775,0.9746078751280896
naca0010,100000.0,3.5,0.4516696092510799,0.013532151029509361,-0.01093166245355928,0.9749127687564355
naca0010,100000.0,3.75,0.47245381048908347,0.01376474206744089,-0.008947498221810644,0.9747855730285853
naca0010,100000.0,4.0,0.49286429001408977,0.01411142763243369,-0.007051304837767507,0.974467916605425
naca0010,100000.0,4.25,0.513111333255312,0.014615890061076714,-0.005161819720567803,0.9740830232740577
naca0010,100000.0,4.5,0.5331079075661646,0.015330532475820361,-0.0032810596915416545,0.9737460034543589
naca0010,100000.0,4.75,0.5531234354286177,0.016203609065174603,-0.0015591312300450642,0.9737320246898282
naca0010,100000.0,5.0,0.5733321517311062,0.017154310592267498,-7.042391343630127e-05,0.9745525315824605
naca0010,100000.0,5.25,0.5936732861044376,0.018178234936375767,0.0012518531110531721,0.976461353343814
naca0010,100000.0,5.5,0.6141424560121556,0.019267596767661606,0.0023817010129252004,0.9791241155132208
naca0010,100000.0,5.75,0.6350704489615888,0.02039229788796329,0.0033476317831111707,0.9819473390889161
naca0010,100000.0,6.0,0.6567946646197091,0.021549147955732356,0.004222835539565614,0.9844749779586063
naca0010,100000.0,6.25,0.6793748558521726,0.022768519752288583,0.00504203094110159,0.9865151646714778
naca0010,100000.0,6.5,0.7026757519595515,0.024080435941043553,0.005836592371162765,0.9880342787825224
naca0010,100000.0,6.75,0.7264112894261726,0.02550271641538273,0.006645445582834643,0.9890433007127859
naca0010,100000.0,7.0,0.7501193916796434,0.027053762317364713,0.0075055020560204225,0.9895413946059812
naca0010,100000.0,7.25,0.7731817348942234,0.028766854742619377,0.008449395761590013,0.9894835866977149
naca0010,100000.0,7.5,0.7949082811778477,0.030692786229051954,0.0095096349041965,0.9887405382387463
naca0010,100000.0,7.75,0.8146439312555965,0.03289112905571725,0.010718723343595755,0.987028335447284
naca0010,100000.0,8.0,0.8318686438069139,0.03541695817675801,0.01210222828270026,0.9837674410919071
naca0010,100000.0,8.25,0.846235893072441,0.03831196681997295,0.013673833391334768,0.9777650530076624
naca0010,100000.0,8.5,0.857453305157722,0.041606270563576395,0.015440367919291636,0.9664506961057759
naca0010,100000.0,8.75,0.8649665578396349,0.045325051662022574,0.01739567784454314,0.9439752973800802
naca0010,100000.0,9.0,0.8674578489397544,0.04950462414061001,0.019412830117240553,0.89688526752234
naca0010,100000.0,9.25,0.8614354347463499,0.05441437198889701,0.0208311530904508,0.7994936002936904
naca0010,100000.0,9.5,0.8353864933523794,0.06179254091429121,0.01970676468210066,0.6339668562579205
naca0010,100000.0,9.75,0.7734839708040577,0.07556537893307981,0.01376082733195106,0.4524589693056822
naca0010,100000.0,10.0,0.7030317421022979,0.0931510186424331,0.004906592018857272,0.33667984832836834
naca0010,100000.0,10.25,0.6637770310710892,0.10558151022323378,-0.002762854884165205,0.2887120193774802
naca0010,100000.0,10.5,0.64909817573428,0.11281075588727994,-0.00819902971907166,0.2745507881112384
naca0010,100000.0,10.75,0.6440385135850456,0.11815563279712069,-0.011911658403829082,0.2735467500311356
naca0010,100000.0,11.0,0.642679323541566,0.12294667602283452,-0.014500761436021007,0.2779295671407883
naca0010,100000.0,11.25,0.6432972630869355,0.12745479498908444,-0.0164428401872287,0.2851594908926583
naca0010,100000.0,11.5,0.6451993877617896,0.13174012256829357,-0.018069986745377107,0.29410255157874804
naca0010,100000.0,11.75,0.647955209513003,0.1358478615824883,-0.019583678839236944,0.3039066575506046
naca0010,100000.0,12.0,0.6512706625284116,0.13982051973147983,-0.021090908949405476,0.31386990612527715
naca0010,100000.0,12.25,0.6549588458698056,0.14369031966077367,-0.0226413264699254,0.32348940167474316
naca0010,100000.0,12.5,0.6589131611377204,0.1474777704832749,-0.024254499377953577,0.33246860288358665
naca0010,100000.0,12.75,0.6630797140005431,0.1511945054601863,-0.025936483693374396,0.3406763041693132
naca0010,100000.0,13.0,0.6674349657263435,0.15484693036998184,-0.0276886791238341,0.34809096808757384
naca0010,100000.0,13.25,0.6719705927085659,0.15843913246655003,-0.02951209166134731,0.3547532896536031
naca0010,100000.0,13.5,0.6766844504096837,0.16197476158999485,-0.03140917134670442,0.36073446326310066
naca0010,100000.0,13.75,0.6815757093636302,0.16545807845472488,-0.03338448072450793,0.36611876866868975
naca0010,100000.0,14.0,0.686642509261276,0.16889445641543752,-0.035444845863712916,0.37099597640845533
naca0010,100000.0,14.25,0.6918810035615849,0.17229058066816177,-0.03759930339210173,0.3754589754945572
naca0010,100000.0,14.5,0.6972851059680515,0.1756545216697219,-0.03985898509734316,0.37960310492565735
naca0010,100000.0,14.75,0.7028465443552326,0.17899579820115427,-0.04223699971290264,0.383525037749122
naca0010,100000.0,15.0,0.7085550094249843,0.18232549373757131,-0.04474833320245506,0.3873203430569339
naca0010,100000.0,15.25,0.7143982951437826,0.1856564475552349,-0.047409769383470385,0.39107985087528496
naca0010,100000.0,15.5,0.7203623940657905,0.18900351119726588,-0.05023982000770434,0.39488555079452203
naca0010,100000.0,15.75,0.7264315495726199,0.19238384359562444,-0.053258642341483926,0.3988069218379777
naca0010,100000.0,16.0,0.7325882886236948,0.19581721343838823,-0.05648791151613859,0.4028983797847661
naca0010,150000.0,-6.0,-0.6596649782186266,0.018202064161732395,-0.002328353535948494,0.9808270338999912
naca0010,150000.0,-5.75,-0.638327649253303,0.01737059218021038,-0.0013384415325051575,0.9780007262853382
naca0010,150000.0,-5.5,-0.6173852244951329,0.016535911918246344,-0.0003450603774574584,0.9748748138372542
naca0010,150000.0,-5.25,-0.5967939766258583,0.015680257476078242,0.000678401595650981,0.9718368441250693
naca0010,150000.0,-5.0,-0.5762972960897654,0.014835994037006013,0.0018108563959025358,0.9694516668254456
naca0010,150000.0,-4.75,-0.5556633440903653,0.014039160419262996,0.0030756206172403394,0.9681220203971268
naca0010,150000.0,-4.5,-0.5349142724878585,0.013288320936314732,0.004408305248392077,0.9678601035953102
naca0010,150000.0,-4.25,-0.5139207096300633,0.012602613087975102,0.005858066441343871,0.9683622906105721
naca0010,150000.0,-4.0,-0.492547491059886,0.012055562113152288,0.007333898640328433,0.9692539297192033
naca0010,150000.0,-3.75,-0.4708664950722025,0.01166001027381537,0.008721973366012492,0.9701652816227126
naca0010,150000.0,-3.5,-0.449353658956281,0.011357281721933397,0.010055639011931784,0.970873921010287
naca0010,150000.0,-3.25,-0.42804996474665064,0.011121131112026296,0.01140927206617406,0.9713551218367339
naca0010,150000.0,-3.0,-0.40642446980129576,0.010953107018685652,0.012852531481589474,0.9716170711433203
naca0010,150000.0,-2.75,-0.3844553680205726,0.010826734949223728,0.014440336509859533,0.9713782126901234
naca0010,150000.0,-2.5,-0.3627765242673657,0.010716679900920668,0.016201891599921775,0.9702395537761084
naca0010,150000.0,-2.25,-0.34228464594961794,0.010630455359517286,0.018189449119599226,0.9680982186285083
naca0010,150000.0,-2.0,-0.323074474267415,0.010591110127500747,0.020382713943893686,0.9652866080069725
naca0010,150000.0,-1.75,-0.30291445457182925,0.010617574069098922,0.022329007592613376,0.9623468458449089
naca0010,150000.0,-1.5,-0.27760741665353805,0.01071856719898733,0.023137720415577843,0.9597029104047995
naca0010,150000.0,-1.25,-0.24431391782917522,0.010884180356266638,0.022191348231985902,0.957511078875433
naca0010,150000.0,-1.0,-0.2035629738132848,0.011081345044442035,0.01960044652055525,0.9557465777689046
naca0010,150000.0,-0.75,-0.1573137415930959,0.011269767374384352,0.015779067842870552,0.9543557410977173
naca0010,150000.0,-0.5,-0.10713242459314458,0.011419914623496737,0.011053304268181473,0.9533279023871227
naca0010,150000.0,-0.25,-0.05426242624686666,0.011515363010536751,0.005693315324912476,0.9526892379850755
naca0010,150000.0,0.0,5.526082976324163e-16,0.011548021685599248,-1.6578320162175932e-16,0.9524718249426799
naca0010,150000.0,0.25,0.054262426246868264,0.011515363010536751,-0.005693315324912676,0.9526892379850755
naca0010,150000.0,0.5,0.10713242459314713,0.011419914623496737,-0.011053304268181794,0.9533279023871226
naca0010,150000.0,0.75,0.15731374159309722,0.011269767374384333,-0.015779067842870795,0.9543557410977175
naca0010,150000.0,1.0,0.20356297381328625,0.011081345044442024,-0.01960044652055535,0.9557465777689046
naca0010,150000.0,1.25,0.244313917829176,0.010884180356266638,-0.02219134823198588,0.957511078875433
naca0010,150000.0,1.5,0.27760741665353833,0.01071856719898733,-0.023137720415577642,0.9597029104047997
naca0010,150000.0,1.75,0.3029144545718289,0.010617574069098914,-0.022329007592613068,0.9623468458449091
naca0010,150000.0,2.0,0.3230744742674148,0.010591110127500766,-0.020382713943893408,0.965286608006973
naca0010,150000.0,2.25,0.3422846459496176,0.010630455359517316,-0.018189449119598987,0.9680982186285085
naca0010,150000.0,2.5,0.3627765242673656,0.010716679900920676,-0.016201891599921633,0.9702395537761084
naca0010,150000.0,2.75,0.3844553680205712,0.010826734949223739,-0.014440336509859212,0.9713782126901234
naca0010,150000.0,3.0,0.4064244698012947,0.010953107018685671,-0.012852531481589087,0.9716170711433201
naca0010,150000.0,3.25,0.4280499647466507,0.011121131112026304,-0.011409272066173674,0.9713551218367339
naca0010,150000.0,3.5,0.4493536589562819,0.011357281721933407,-0.010055639011931718,0.9708739210102868
naca0010,150000.0,3.75,0.4708664950722021,0.01166001027381537,-0.008721973366012404,0.9701652816227126
naca0010,150000.0,4.0,0.49254749105988604,0.012055562113152278,-0.007333898640328234,0.9692539297192033
naca0010,150000.0,4.25,0.513920709630063,0.012602613087975079,-0.005858066441343573,0.9683622906105723
naca0010,150000.0,4.5,0.5349142724878589,0.013288320936314707,-0.004408305248392043,0.9678601035953104
naca0010,150000.0,4.75,0.5556633440903653,0.014039160419262958,-0.0030756206172403394,0.9681220203971268
naca0010,150000.0,5.0,0.576297296089766,0.014835994037005987,-0.0018108563959026796,0.9694516668254456
naca0010,150000.0,5.25,0.5967939766258578,0.015680257476078173,-0.0006784015956508596,0.9718368441250691
naca0010,150000.0,5.5,0.6173852244951331,0.0165359119182463,0.00034506037745764625,0.9748748138372539
naca0010,150000.0,5.75,0.6383276492533025,0.01737059218021035,0.0013384415325054008,0.978000726285338
naca0010,150000.0,6.0,0.6596649782186259,0.018202064161732364,0.0023283535359486596,0.9808270338999909
naca0010,150000.0,6.25,0.6814018478281728,0.019073023184243337,0.003311046875567321,0.9832100803011616
naca0010,150000.0,6.5,0.7035575585824039,0.02002155525189552,0.004270211535123346,0.9851365862137651
naca0010,150000.0,6.75,0.7261481134603329,0.021072076603060114,0.005195249234428569,0.9866154628784024
naca0010,150000.0,7.0,0.7491603982590458,0.022235570928728,0.006089522921221494,0.9876342990786303
naca0010,150000.0,7.25,0.7724987587897454,0.023515101679460595,0.006968035295156012,0.988150858330737
naca0010,150000.0,7.5,0.7959153307458584,0.024915084301640338,0.00785241286889323,0.9880834698260779
naca0010,150000.0,7.75,0.8189779500320234,0.02644953468584096,0.008770610591611296,0.9872823612478724
naca0010,150000.0,8.0,0.8411049133950703,0.028145116114099526,0.009759675203017617,0.9854728661791622
naca0010,150000.0,8.25,0.8616428823210778,0.030038645964338247,0.010864331373044185,0.9821584053969076
naca0010,150000.0,8.5,0.8799539981707041,0.03217091980995579,0.012128782760830226,0.9764602311158816
naca0010,150000.0,8.75,0.8954880328729812,0.0345790828293455,0.013587435544568045,0.9668511395146284
naca0010,150000.0,9.0,0.9077900508461718,0.037291579287236976,0.015262564412975155,0.9506931357846864
naca0010,150000.0,9.25,0.9163426695270349,0.04033451867437076,0.017164706275503244,0.9233596127193161
naca0010,150000.0,9.5,0.9200910063087686,0.04377040229368583,0.01925779306222492,0.8765144347802886
naca0010,150000.0,9.75,0.916384444101255,0.04784102699005953,0.02128499574378588,0.7959431216254763
naca0010,150000.0,10.0,0.8988386683813211,0.053441616974091284,0.022310274454287436,0.6662811586844058
naca0010,150000.0,10.25,0.8566443258106258,0.06288660273128446,0.02037493758171992,0.49908971332255714
naca0010,150000.0,10.5,0.7906208501645916,0.0780192172926352,0.014197231905041952,0.35114601361304576
naca0010,150000.0,10.75,0.7297528740532744,0.09456966628753902,0.0057527286901136055,0.2626449244916189
naca0010,150000.0,11.0,0.6940300291731355,0.10673239894212684,-0.0020594245160508416,0.22213298649043672
naca0010,150000.0,11.25,0.6773484439719333,0.11474011052784881,-0.008112727005198187,0.20585051896989984
naca0010,150000.0,11.5,0.6699103175770373,0.12088926443693054,-0.012471236605418417,0.19923862204894086
naca0010,150000.0,11.75,0.6668435923719855,0.12635285426128384,-0.015582022312701433,0.1961564394342592
naca0010,150000.0,12.0,0.666214780818993,0.13146019753368887,-0.017944411133611365,0.1947094933575597
naca0010,150000.0,12.25,0.6671463634105167,0.13628406829383857,-0.019950821421283252,0.19440049208910365
naca0010,150000.0,12.5,0.6691401744460909,0.1408603654272314,-0.02184272812183072,0.19494632437304849
naca0010,150000.0,12.75,0.6718760171640371,0.14522935046001592,-0.023741834219269706,0.19603892614102475
naca0010,150000.0,13.0,0.675144737513637,0.14943135779938982,-0.025698757305296423,0.19739312431121042
naca0010,150000.0,13.25,0.6788150523190257,0.1534997868952344,-0.027729888838190022,0.1988047101765108
naca0010,150000.0,13.5,0.6828088092370339,0.15745917959147177,-0.029838571837122616,0.20016413224380777
naca0010,150000.0,13.75,0.687081252305488,0.16132679101933167,-0.0320254005538021,0.20143970188666668
naca0010,150000.0,14.0,0.6916066367719911,0.1651152512286757,-0.034292541716108994,0.2026507910479451
naca0010,150000.0,14.25,0.696368713552412,0.16883499873739757,-0.036645179023331614,0.2038433632865495
naca0010,150000.0,14.5,0.7013548848972759,0.17249607403779418,-0.039091725038376886,0.20507246723516923
naca0010,150000.0,14.75,0.7065528197844989,0.17610930012155387,-0.041643589561706204,0.20639186140302218
naca0010,150000.0,15.0,0.7119486216348357,0.17968701260563458,-0.04431484863816517,0.20784907567191924
naca0010,150000.0,15.25,0.7175259593285664,0.1832435037935522,-0.04712194051936952,0.20948384928829528
naca0010,150000.0,15.5,0.7232657993737336,0.18679530692840654,-0.05008341364054051,0.21132822365543802
naca0010,150000.0,15.75,0.7291465124555981,0.19036140594400977,-0.053219706925908106,0.21340714203385724
naca0010,150000.0,16.0,0.7351442040989077,0.19396342097540628,-0.056552922977400555,0.2157389608996587
naca0010,200000.0,-6.0,-0.6631922240067661,0.016302673607672638,-0.001072671199572601,0.980383190372657
naca0010,200000.0,-5.75,-0.6415666650841235,0.01563407761256557,-4.362609433560627e-05,0.977568046056048
naca0010,200000.0,-5.5,-0.6200698333251023,0.014962502978338347,0.0009702253666284039,0.9744380437256168
naca0010,200000.0,-5.25,-0.5987937795551683,0.014262562744163421,0.001981689151424509,0.9713257682164295
naca0010,200000.0,-5.0,-0.577727976377185,0.013553747482118968,0.0030311163433924407,0.9687358965686124
naca0010,200000.0,-4.75,-0.5566646327620388,0.012881076025078894,0.004181250739990313,0.9670423101354482
naca0010,200000.0,-4.5,-0.5355797434174749,0.012249675449878362,0.005380633565837215,0.9662358437965889
naca0010,200000.0,-4.25,-0.5145164941557046,0.011644666540057432,0.006576113828001355,0.9661123533278836
naca0010,200000.0,-4.0,-0.49323940798380017,0.01109813004690778,0.007844639006515506,0.9665479811281036
naca0010,200000.0,-3.75,-0.4716463109037677,0.010668918499808474,0.009119711638554592,0.9673851947543887
naca0010,200000.0,-3.5,-0.4499142671135521,0.010349780004388198,0.010338678453554856,0.9682572181618497
naca0010,200000.0,-3.25,-0.4285529230586937,0.010088626361244246,0.011529240872409141,0.9689172746953152
naca0010,200000.0,-3.0,-0.40753273282857694,0.009869828367284558,0.012728226338928061,0.969389303633562
naca0010,200000.0,-2.75,-0.38610740609155336,0.009708205862288195,0.01395699541120588,0.9697975945279854
naca0010,200000.0,-2.5,-0.3638279712898188,0.009592995328388785,0.015210923051574997,0.9699501681991818
naca0010,200000.0,-2.25,-0.3406926242191104,0.009499618980716053,0.016438729966936363,0.9694331927255946
naca0010,200000.0,-2.0,-0.31694936420031605,0.00942123230796536,0.01758328050420273,0.9680120467604915
naca0010,200000.0,-1.75,-0.2927490648255933,0.009365148888634996,0.018619856259856963,0.9658199475917654
naca0010,200000.0,-1.5,-0.2672709283070568,0.009339590998149681,0.019386043335152814,0.9632494057733384
naca0010,200000.0,-1.25,-0.23817569882237352,0.00934949950207744,0.01940267916105108,0.9607235639808126
naca0010,200000.0,-1.0,-0.20263576761471866,0.009394804056804021,0.018064460485258456,0.9585308352518019
naca0010,200000.0,-0.75,-0.15946273640092992,0.009465196545867886,0.015113346557836164,0.9567959634755339
naca0010,200000.0,-0.5,-0.10981187417227176,0.009539289058364242,0.010801570342202589,0.9555485823626166
naca0010,200000.0,-0.25,-0.055920874642271634,0.00959393363153725,0.005609499426070315,0.9547945741166346
naca0010,200000.0,0.0,6.631299571588996e-16,0.00961380647799152,-2.2105055366385252e-17,0.9545417194292592
naca0010,200000.0,0.25,0.05592087464227274,0.00959393363153725,-0.005609499426070271,0.9547945741166348
naca0010,200000.0,0.5,0.10981187417227202,0.009539289058364233,-0.010801570342202632,0.9555485823626166
naca0010,200000.0,0.75,0.15946273640092926,0.009465196545867886,-0.015113346557836164,0.9567959634755339
naca0010,200000.0,1.0,0.20263576761471933,0.009394804056804037,-0.0180644604852584,0.9585308352518022
naca0010,200000.0,1.25,0.23817569882237324,0.009349499502077448,-0.01940267916105074,0.9607235639808126
naca0010,200000.0,1.5,0.2672709283070565,0.009339590998149707,-0.019386043335152682,0.9632494057733384
naca0010,200000.0,1.75,0.2927490648255933,0.009365148888635004,-0.018619856259856633,0.9658199475917651
naca0010,200000.0,2.0,0.316949364200316,0.009421232307965377,-0.01758328050420264,0.9680120467604917
naca0010,200000.0,2.25,0.3406926242191107,0.009499618980716062,-0.01643872996693613,0.9694331927255944
naca0010,200000.0,2.5,0.36382797128981853,0.009592995328388792,-0.015210923051574909,0.9699501681991818
naca0010,200000.0,2.75,0.38610740609155336,0.00970820586228823,-0.013956995411205715,0.9697975945279854
naca0010,200000.0,3.0,0.40753273282857644,0.009869828367284585,-0.012728226338927973,0.9693893036335618
naca0010,200000.0,3.25,0.42855292305869314,0.010088626361244264,-0.011529240872408886,0.9689172746953152
naca0010,200000.0,3.5,0.44991426711355154,0.010349780004388198,-0.01033867845355448,0.9682572181618497
naca0010,200000.0,3.75,0.47164631090376713,0.010668918499808465,-0.009119711638554481,0.9673851947543889
naca0010,200000.0,4.0,0.4932394079838001,0.011098130046907769,-0.007844639006515317,0.9665479811281038
naca0010,200000.0,4.25,0.5145164941557047,0.011644666540057412,-0.006576113828001255,0.9661123533278838
naca0010,200000.0,4.5,0.5355797434174744,0.012249675449878329,-0.005380633565837259,0.9662358437965889
naca0010,200000.0,4.75,0.5566646327620395,0.012881076025078871,-0.004181250739990335,0.9670423101354482
naca0010,200000.0,5.0,0.5777279763771853,0.013553747482118931,-0.0030311163433920977,0.9687358965686121
naca0010,200000.0,5.25,0.598793779555169,0.014262562744163383,-0.001981689151424376,0.9713257682164292
naca0010,200000.0,5.5,0.6200698333251026,0.014962502978338307,-0.0009702253666284148,0.9744380437256166
naca0010,200000.0,5.75,0.6415666650841236,0.01563407761256553,4.3626094335727833e-05,0.9775680460560477
naca0010,200000.0,6.0,0.6631922240067661,0.016302673607672607,0.0010726711995727445,0.9803831903726568
naca0010,200000.0,6.25,0.6849005267004753,0.01700307144501754,0.0021106752646527557,0.9827724357978875
naca0010,200000.0,6.5,0.7066976207895599,0.017761244320969136,0.0031449710987252197,0.9847326589158913
naca0010,200000.0,6.75,0.7286204954937674,0.018595154268612534,0.004162277335780974,0.9862755918731346
naca0010,200000.0,7.0,0.7507172915042786,0.019517618186469448,0.0051503473468708216,0.9873998167284669
naca0010,200000.0,7.25,0.7730268035648878,0.02053703500842318,0.006100448192134128,0.9880895773845093
naca0010,200000.0,7.5,0.7955537307914503,0.021657480588960838,0.007010191226717548,0.988312300394532
naca0010,200000.0,7.75,0.8182341897921477,0.022880080718708236,0.007885367349229136,0.9880072562824093
naca0010,200000.0,8.0,0.8408988912636058,0.024206103181640192,0.008741605685164343,0.987064631921517
naca0010,200000.0,8.25,0.8632530962391651,0.0256407997651139,0.00960662771581796,0.985293443311634
naca0010,200000.0,8.5,0.8848814399055807,0.027196804563024844,0.01052131585450346,0.9823740213923418
naca0010,200000.0,8.75,0.9052674142774085,0.02889628507778319,0.01153695155550877,0.9777888326441573
naca0010,200000.0,9.0,0.9238177002834409,0.030771174192879266,0.01270790285135541,0.9707255689739966
naca0010,200000.0,9.25,0.9398942708513348,0.032860857554483085,0.014081229527793785,0.9599462654528051
naca0010,200000.0,9.5,0.9528505309085737,0.03520774282843496,0.0156856443109722,0.9435958570042675
naca0010,200000.0,9.75,0.9620158614494094,0.03785542675759921,0.01752072738479206,0.9188234488525497
naca0010,200000.0,10.0,0.966477838771803,0.04086565712443237,0.019536145350234953,0.8808460774779044
naca0010,200000.0,10.25,0.9644293337745223,0.04439744086339992,0.021551792632621573,0.8210432595112054
naca0010,200000.0,10.5,0.9518094208264114,0.04896740707993562,0.022997420198032425,0.7259925071836015
naca0010,200000.0,10.75,0.920449938001679,0.05608468067173655,0.022459091741249756,0.5874450820138306
naca0010,200000.0,11.0,0.8620759076240148,0.06847283037920789,0.01802143062714343,0.4294526023555298
naca0010,200000.0,11.25,0.7883266100347561,0.08644557635067379,0.009739878517906642,0.3035566233477342
naca0010,200000.0,11.5,0.7292406836626011,0.10411699454418864,0.000432326094834025,0.23112119760327018
naca0010,200000.0,11.75,0.6964469085789037,0.11660774748983269,-0.007553667592377437,0.1970777566395721
naca0010,200000.0,12.0,0.682106724154433,0.1246697060315107,-0.013612060824185201,0.18283295059914692
naca0010,200000.0,12.25,0.6771827184207758,0.13053125082168096,-0.01797710913299669,0.1773467903699199
naca0010,200000.0,12.5,0.6766528412281492,0.13553126173652363,-0.0211254767923208,0.17533994130165473
naca0010,200000.0,12.75,0.6781940547799273,0.14022949860147194,-0.02355568642416075,0.17457874574869445
naca0010,200000.0,13.0,0.6808022262391504,0.14480727141829577,-0.025666080288629572,0.17418585780089943
naca0010,200000.0,13.25,0.6840700791887759,0.14929330789630674,-0.027707660590804217,0.1738320608251508
naca0010,200000.0,13.5,0.6878268263122682,0.15367365057270696,-0.0298053239899449,0.17341645148818055
naca0010,200000.0,13.75,0.691980041641382,0.15793643981202599,-0.032005797097507754,0.1729374357263254
naca0010,200000.0,14.0,0.6964636240756684,0.16208187145954867,-0.034318961972956585,0.17243166668054322
naca0010,200000.0,14.25,0.7012258669102889,0.16611929316909402,-0.03674281028755954,0.17194576134750464
naca0010,200000.0,14.5,0.7062266778909305,0.1700627732151917,-0.03927529050786261,0.1715256935301667
naca0010,200000.0,14.75,0.7114351506345699,0.173928438797967,-0.04191868039114916,0.17121371178856098
naca0010,200000.0,15.0,0.71682664547218,0.17773349584558304,-0.04468048159744952,0.17104752361242348
naca0010,200000.0,15.25,0.722379993664514,0.1814961729010362,-0.0475729686806202,0.17106003365164094
naca0010,200000.0,15.5,0.7280752421861422,0.1852360340734924,-0.0506123604409388,0.1712793235783405
naca0010,200000.0,15.75,0.7338920588573568,0.18897438592124635,-0.05381799319117359,0.17172876071471246
naca0010,200000.0,16.0,0.739808763034824,0.1927346718271755,-0.05721160278590964,0.1724270628760417
naca0010,300000.0,-6.0,-0.6702459998635418,0.014104615531988737,0.0007852334433900518,0.9802255592669651
naca0010,300000.0,-5.75,-0.6480177923904372,0.013607227375014037,0.0018122285279786048,0.9776089114653045
naca0010,300000.0,-5.5,-0.6258573212537779,0.01311502624049,0.002827296448598181,0.9746635200126554
naca0010,300000.0,-5.25,-0.6038568934331926,0.012598939905439924,0.0038299100846230323,0.9715907483540281
naca0010,300000.0,-5.0,-0.5820698133371907,0.012055286213376872,0.004829592431525719,0.9687945971303367
naca0010,300000.0,-4.75,-0.5604050916999253,0.01152388479416741,0.0058472841524957585,0.966679604621996
naca0010,300000.0,-4.5,-0.5387272179463773,0.011034203509353503,0.006915706450872694,0.9653503281993423
naca0010,300000.0,-4.25,-0.5171003829117673,0.010570221408603834,0.007976045425863042,0.964572630800854
naca0010,300000.0,-4.0,-0.4955611439345797,0.010111285177051234,0.008950394407336462,0.9640880577476185
naca0010,300000.0,-3.75,-0.4737872033014659,0.009676419715534007,0.009900092475057427,0.9639419977322755
naca0010,300000.0,-3.5,-0.45139050354353466,0.009314611585092968,0.010824257817108334,0.9643506701159623
naca0010,300000.0,-3.25,-0.42815624488489523,0.009033988048240838,0.011623993976361977,0.9651202686185378
naca0010,300000.0,-3.0,-0.4041194132372174,0.008793801207204237,0.01222862038720749,0.9658815306107269
naca0010,300000.0,-2.75,-0.37921802512593666,0.008559940998431078,0.012565842759798234,0.9665013048070681
naca0010,300000.0,-2.5,-0.3525892669956504,0.008345366376795296,0.012548427167189641,0.9671545921478835
naca0010,300000.0,-2.25,-0.3232020903083658,0.008168744310651293,0.012098148212220024,0.9679610426760418
naca0010,300000.0,-2.0,-0.29068742951192805,0.008018828167300707,0.011175513331690288,0.9686617378470427
naca0010,300000.0,-1.75,-0.2552902451270266,0.007876808262432578,0.009795638962644708,0.9688970728077373
naca0010,300000.0,-1.5,-0.217962916160307,0.007736630622257332,0.008088375143889976,0.9685048298997748
naca0010,300000.0,-1.25,-0.18019292697821757,0.00760159593341827,0.006328736026626226,0.9675928847608379
naca0010,300000.0,-1.0,-0.14327803239639586,0.007477680970033932,0.00479473280096947,0.9664316263455544
naca0010,300000.0,-0.75,-0.10755016985791778,0.007371570199905831,0.003566757460219558,0.965305832110095
naca0010,300000.0,-0.5,-0.07227372365984254,0.0072902737434853105,0.0024806216817085057,0.9644181144307791
naca0010,300000.0,-0.25,-0.03648377132994729,0.007239589411416231,0.0013101912687659323,0.9638674832262838
naca0010,300000.0,0.0,-1.1052165952648326e-16,0.007222473860288022,1.2157367331133499e-16,0.9636828345119903
naca0010,300000.0,0.25,0.03648377132994624,0.007239589411416237,-0.0013101912687655901,0.9638674832262838
naca0010,300000.0,0.5,0.07227372365984187,0.0072902737434853235,-0.0024806216817083735,0.9644181144307791
naca0010,300000.0,0.75,0.10755016985791722,0.007371570199905851,-0.003566757460219182,0.9653058321100952
naca0010,300000.0,1.0,0.14327803239639575,0.007477680970033945,-0.004794732800968962,0.9664316263455544
naca0010,300000.0,1.25,0.18019292697821662,0.007601595933418291,-0.006328736026625872,0.9675928847608379
naca0010,300000.0,1.5,0.2179629161603059,0.007736630622257353,-0.008088375143889678,0.9685048298997747
naca0010,300000.0,1.75,0.255290245127026,0.007876808262432608,-0.009795638962644576,0.9688970728077373
naca0010,300000.0,2.0,0.2906874295119278,0.008018828167300714,-0.011175513331690243,0.9686617378470427
naca0010,300000.0,2.25,0.3232020903083654,0.008168744310651307,-0.012098148212219682,0.9679610426760418
naca0010,300000.0,2.5,0.3525892669956494,0.00834536637679531,-0.012548427167189456,0.9671545921478835
naca0010,300000.0,2.75,0.37921802512593644,0.008559940998431086,-0.012565842759798036,0.9665013048070681
naca0010,300000.0,3.0,0.4041194132372174,0.008793801207204237,-0.01222862038720738,0.9658815306107269
naca0010,300000.0,3.25,0.42815624488489457,0.009033988048240845,-0.011623993976361612,0.9651202686185376
naca0010,300000.0,3.5,0.45139050354353444,0.009314611585092968,-0.010824257817108145,0.9643506701159625
naca0010,300000.0,3.75,0.47378720330146595,0.009676419715533981,-0.009900092475057371,0.9639419977322757
naca0010,300000.0,4.0,0.4955611439345798,0.010111285177051225,-0.008950394407336273,0.9640880577476185
naca0010,300000.0,4.25,0.5171003829117675,0.010570221408603826,-0.007976045425862997,0.9645726308008538
naca0010,300000.0,4.5,0.5387272179463773,0.011034203509353482,-0.006915706450872551,0.9653503281993423
naca0010,300000.0,4.75,0.560405091699926,0.01152388479416737,-0.005847284152495559,0.9666796046219958
naca0010,300000.0,5.0,0.5820698133371907,0.01205528621337684,-0.004829592431525632,0.9687945971303364
naca0010,300000.0,5.25,0.6038568934331925,0.01259893990543989,-0.0038299100846226346,0.9715907483540277
naca0010,300000.0,5.5,0.6258573212537774,0.013115026240489975,-0.0028272964485982367,0.9746635200126552
naca0010,300000.0,5.75,0.6480177923904384,0.013607227375014012,-0.0018122285279785718,0.9776089114653043
naca0010,300000.0,6.0,0.6702459998635416,0.014104615531988725,-0.0007852334433898307,0.9802255592669649
naca0010,300000.0,6.25,0.692461218747771,0.014631547294543487,0.000249994213679526,0.9824757118052176
naca0010,300000.0,6.5,0.7145934117869792,0.015202575088301737,0.0012905097675461245,0.9843722459395268
naca0010,300000.0,6.75,0.7365906797824894,0.015825874585008268,0.0023332982454030856,0.9859236434999414
naca0010,300000.0,7.0,0.7584337946736927,0.01650576496799412,0.0033731076626059495,0.9871285611119865
naca0010,300000.0,7.25,0.7801401491591278,0.01724425172327554,0.004401159412609048,0.9879827816189105
naca0010,300000.0,7.5,0.8017530030703909,0.018042473261386496,0.005406060568115006,0.9884811908976122
naca0010,300000.0,7.75,0.8233238594999642,0.018901946135622173,0.006376611836194457,0.9886132527885912
naca0010,300000.0,8.0,0.8448956655704772,0.01982514709683838,0.007305322045034304,0.9883554931800768
naca0010,300000.0,8.25,0.8664877102188553,0.02081537683153294,0.00819139134912475,0.9876637449097849
naca0010,300000.0,8.5,0.8880794826319692,0.0218763870765604,0.009042216427673621,0.9864658053399405
naca0010,300000.0,8.75,0.9095929640160638,0.023012398695370515,0.009873196175462985,0.9846537482126364
naca0010,300000.0,9.0,0.9308763652953951,0.024228838377424056,0.010706558954908005,0.9820747411898704
naca0010,300000.0,9.25,0.9516925126216618,0.025533682094132364,0.011570237915843658,0.9785196731209741
naca0010,300000.0,9.5,0.9717123555585054,0.026939017401595607,0.012497076795027979,0.9737100194095978
naca0010,300000.0,9.75,0.9905132284161817,0.028462350169163774,0.01352344483573698,0.9672847365546856
naca0010,300000.0,10.0,1.007585379383616,0.030127139942290375,0.014685559860638412,0.9587884348492643
naca0010,300000.0,10.25,1.022353558530762,0.03196212589100972,0.016012181510108806,0.947651950309425
naca0010,300000.0,10.5,1.0342081294914927,0.0339998761196027,0.017514372453846173,0.9331179984965546
naca0010,300000.0,10.75,1.0424980464275586,0.03627794002025565,0.019175240872427748,0.9139718614721233
naca0010,300000.0,11.0,1.0463887564047352,0.0388521522744242,0.020936774142195445,0.8878045834844442
naca0010,300000.0,11.25,1.0445182151454482,0.041843462909061734,0.022649741250673035,0.8495602014472334
naca0010,300000.0,11.5,1.0344677936153701,0.04557407967268874,0.023893381158431055,0.7899257699256008
naca0010,300000.0,11.75,1.0117272998488478,0.050931925661134726,0.023614015448874502,0.6969169746429563
naca0010,300000.0,12.0,0.9683526923884875,0.05999280211302855,0.02006129298503195,0.567584242518182
naca0010,300000.0,12.25,0.8992758407481087,0.07556168766033702,0.012152705102932601,0.425548255249248
naca0010,300000.0,12.5,0.819139600117915,0.0971980783797833,0.0013770658927389546,0.30951504708019095
naca0010,300000.0,12.75,0.7541538185356329,0.11883999245801823,-0.009306490132730317,0.23523555494521947
naca0010,300000.0,13.0,0.7149647114204911,0.13508188358174794,-0.018092501090676966,0.1934228074600129
naca0010,300000.0,13.25,0.6964557614869195,0.14548408651338676,-0.0246989570805025,0.1709942770605435
naca0010,300000.0,13.5,0.6904230967130165,0.1520022487496359,-0.029530055462670558,0.1594140965724524
naca0010,300000.0,13.75,0.6910255511441987,0.1564809597300738,-0.033131837495936886,0.15396566423913585
naca0010,300000.0,14.0,0.6949248218548457,0.16009653304500296,-0.03598831384602357,0.15199020900976587
naca0010,300000.0,14.25,0.7003706698868127,0.16349806205996187,-0.038468492544709736,0.15185187410754897
naca0010,300000.0,14.5,0.706490310690961,0.16699734422231255,-0.040832536749588366,0.15248072772059562
naca0010,300000.0,14.75,0.7128697889172954,0.17069795293267734,-0.04325159622492508,0.15321070049539237
naca0010,300000.0,15.0,0.7193270303029942,0.1745849634947439,-0.045825933982722084,0.1537164035087976
naca0010,300000.0,15.25,0.72579067858062,0.1785947211586285,-0.048603427689778,0.15393778809139802
naca0010,300000.0,15.5,0.7322357426215682,0.18266347282542542,-0.05160008237520556,0.1539710913525231
naca0010,300000.0,15.75,0.7386520113089174,0.1867510004785789,-0.05481853125599786,0.1539624191212116
naca0010,300000.0,16.0,0.7450312318326677,0.19084461129216945,-0.05826042194192347,0.1540386124040684
