span_m,chord_m,tail_arm_m,elevator_frac,n_packs,cells_per_string,string_plan,n_strings,n_cells,prop,mass_kg,wing_area_m2,aspect_ratio,static_margin,v_stall,v_night,v_day,p_night_w,p_day_w,climb_ms,soc_min,soc_end,margin_wh,unmet_wh,spilled_wh,solar_wh,propulsion_wh,battery_night_h,closed,reason
5.5,0.36,1.3,0.28,2,mixed,29+29+16+8+3,5,85,19x10E,11.429240965526864,1.98,15.277777777777779,0.3008391608391608,9.101742586187383,10.92209110342486,11.103142574361653,102.59754787241243,105.56429094769142,2.6879957781766093,0.008836905364362628,0.7207337763870825,-356.343757226264,356.343757226264,0.249280684401081,1870.912277713755,2369.536293794623,14.833333333333334,False,"SOC floor violated (min 0.009, unmet 356 Wh); did not refill (end SOC 0.721)"
5.5,0.36,1.3,0.34,2,mixed,29+29+16+8+3,5,85,19x10E,11.429240965526864,1.98,15.277777777777779,0.3008391608391608,9.101742586187383,10.92209110342486,11.103142574361653,102.59754787241243,105.56429094769142,2.6879957781766093,0.008836905364362628,0.7207337763870825,-356.343757226264,356.343757226264,0.249280684401081,1870.912277713755,2369.536293794623,14.833333333333334,False,"SOC floor violated (min 0.009, unmet 356 Wh); did not refill (end SOC 0.721)"
5.5,0.36,1.3,0.28,2,mixed,29+29+16+8+3+3,6,88,19x10E,11.561240965526864,1.98,15.277777777777779,0.3008391608391608,9.15415118390025,10.9849814206803,11.167075401182245,104.57871764441158,107.668574851444,2.6530236427388116,0.00960873051034759,0.7615403076362841,-379.22547488656943,379.22547488656943,0.43944086330795074,1936.9444757507104,2418.470402630912,14.75,False,"SOC floor violated (min 0.010, unmet 379 Wh); did not refill (end SOC 0.762)"
5.5,0.36,1.3,0.34,2,mixed,29+29+16+8+3+3,6,88,19x10E,11.561240965526864,1.98,15.277777777777779,0.3008391608391608,9.15415118390025,10.9849814206803,11.167075401182245,104.57871764441158,107.668574851444,2.6530236427388116,0.00960873051034759,0.7615403076362841,-379.22547488656943,379.22547488656943,0.43944086330795074,1936.9444757507104,2418.470402630912,14.75,False,"SOC floor violated (min 0.010, unmet 379 Wh); did not refill (end SOC 0.762)"
5.5,0.36,1.6,0.28,2,mixed,29+29+14+7+5,5,84,19x10E,11.580404117008314,1.98,15.277777777777779,0.3008391608391608,9.161734701724102,10.994081642068922,11.176326473580316,104.06925303122604,107.12182206072588,2.6513884317261645,0.00971594730429333,0.6872444559387623,-381.7839499990223,381.7839499990223,0.35269807419974697,1848.9015450347686,2405.389574767388,14.916666666666668,False,"SOC floor violated (min 0.010, unmet 382 Wh); did not refill (end SOC 0.687)"
5.5,0.36,1.6,0.34,2,mixed,29+29+14+7+5,5,84,19x10E,11.580404117008314,1.98,15.277777777777779,0.3008391608391608,9.161734701724102,10.994081642068922,11.176326473580316,104.06925303122604,107.12182206072588,2.6513884317261645,0.00971594730429333,0.6872444559387623,-381.7839499990223,381.7839499990223,0.35269807419974697,1848.9015450347686,2405.389574767388,14.916666666666668,False,"SOC floor violated (min 0.010, unmet 382 Wh); did not refill (end SOC 0.687)"
6.0,0.36,1.3,0.34,2,mixed,29+29+16+8+7,5,89,18x10E,11.809312455853602,2.16,16.666666666666668,0.3046153846153847,8.857963378340937,10.629556054009123,10.805758279458422,105.95940719538795,108.84104096725864,2.1222701526220056,0.005435653610533173,0.766342903514489,-393.24190474590284,393.24190474590284,0.4529412455799289,1958.9552084296947,2449.6808850791263,14.75,False,"SOC floor violated (min 0.005, unmet 393 Wh); did not refill (end SOC 0.766)"
5.5,0.36,1.6,0.28,2,mixed,29+29+14+7+5+5,6,89,19x10E,11.728404117008314,1.98,15.277777777777779,0.3008391608391608,9.220093283067765,11.064111939681318,11.247517637575607,106.3350707320943,109.50322269631924,2.612485357896308,0.0014662135158430584,0.75623798352341,-394.7861703976019,394.7861703976019,0.346744839311525,1958.9552084296947,2461.083090575659,14.833333333333334,False,"SOC floor violated (min 0.001, unmet 395 Wh); did not refill (end SOC 0.756)"
5.5,0.36,1.6,0.34,2,mixed,29+29+14+7+5+5,6,89,19x10E,11.728404117008314,1.98,15.277777777777779,0.3008391608391608,9.220093283067765,11.064111939681318,11.247517637575607,106.3350707320943,109.50322269631924,2.612485357896308,0.0014662135158430584,0.75623798352341,-394.7861703976019,394.7861703976019,0.346744839311525,1958.9552084296947,2461.083090575659,14.833333333333334,False,"SOC floor violated (min 0.001, unmet 395 Wh); did not refill (end SOC 0.756)"
6.0,0.36,1.6,0.34,2,mixed,29+29+16+9+9,5,92,18x10E,11.98274749283171,2.16,16.666666666666668,0.3046153846153847,8.922771625458001,10.7073259505496,10.88481733885516,107.57636907484414,110.54391508508674,2.090200552380598,0.0013946860407053306,0.8066254410028342,-406.1761703736957,406.1761703736957,0.2165612732788548,2024.9874064666515,2489.5299538918607,14.666666666666668,False,"SOC floor violated (min 0.001, unmet 406 Wh); did not refill (end SOC 0.807)"
5.5,0.4,1.3,0.28,2,mixed,29+29+18+9+3,5,88,17x10E,11.897203243280494,2.2,13.75,0.2958041958041958,8.80966814825551,10.571601777906611,10.74684331672218,105.16075778806531,130.80891708922223,1.627678843510889,0.006132049889185242,0.5521716899223412,-413.28214753501834,395.9266108032075,0.12795775247813168,1936.9444757507101,2638.966313840824,14.833333333333334,False,"SOC floor violated (min 0.006, unmet 396 Wh); did not refill (end SOC 0.552)"
5.5,0.4,1.3,0.34,2,mixed,29+29+18+9+3,5,88,17x10E,11.897203243280494,2.2,13.75,0.2958041958041958,8.80966814825551,10.571601777906611,10.74684331672218,105.16075778806531,130.80891708922223,1.627678843510889,0.006132049889185242,0.5521716899223412,-413.28214753501834,395.9266108032075,0.12795775247813168,1936.9444757507101,2638.966313840824,14.833333333333334,False,"SOC floor violated (min 0.006, unmet 396 Wh); did not refill (end SOC 0.552)"
6.0,0.36,1.3,0.34,2,mixed,29+29+16+8+7+7,6,96,18x10E,11.973312455853602,2.16,16.666666666666668,0.3046153846153847,8.919258104930014,10.703109725916017,10.880531223422786,108.32444714791828,111.3434910088888,2.0887008027487677,0.007774488408647315,0.8861258874333791,-414.372755535353,414.372755535353,0.17636614351991278,2113.0303371825926,2508.4676482292557,14.5,False,"SOC floor violated (min 0.008, unmet 414 Wh); did not refill (end SOC 0.886)"
5.0,0.36,1.3,0.28,2,mixed,29+29+16+8+1,5,83,19x10E,11.050131418422609,1.7999999999999998,13.88888888888889,0.29630769230769227,9.386332148224295,11.263598577869153,11.450311092098715,109.65274397710752,113.06863566947487,2.7685055225995545,0.004970708786627793,0.6090605645433034,-464.59105336605774,464.59105336605774,0.42094302636733616,1826.890812355782,2541.839565399824,15.166666666666666,False,"SOC floor violated (min 0.005, unmet 465 Wh); did not refill (end SOC 0.609)"
5.0,0.36,1.3,0.34,2,mixed,29+29+16+8+1,5,83,19x10E,11.050131418422609,1.7999999999999998,13.88888888888889,0.29630769230769227,9.386332148224295,11.263598577869153,11.450311092098715,109.65274397710752,113.06863566947487,2.7685055225995545,0.004970708786627793,0.6090605645433034,-464.59105336605774,464.59105336605774,0.42094302636733616,1826.890812355782,2541.839565399824,15.166666666666666,False,"SOC floor violated (min 0.005, unmet 465 Wh); did not refill (end SOC 0.609)"
5.0,0.36,1.3,0.28,2,mixed,29+29+16+8+1+1,6,84,19x10E,11.166131418422609,1.7999999999999998,13.88888888888889,0.29630769230769227,9.435470565700019,11.322564678840022,11.510254652350511,111.67608600979818,115.22875703641743,2.733924592676816,0.00530038587764637,0.6096665449032677,-492.61290238104164,492.61290238104164,0.30724015950114847,1848.9015450347683,2591.311935718064,15.25,False,"SOC floor violated (min 0.005, unmet 493 Wh); did not refill (end SOC 0.610)"
5.0,0.36,1.3,0.34,2,mixed,29+29+16+8+1+1,6,84,19x10E,11.166131418422609,1.7999999999999998,13.88888888888889,0.29630769230769227,9.435470565700019,11.322564678840022,11.510254652350511,111.67608600979818,115.22875703641743,2.733924592676816,0.00530038587764637,0.6096665449032677,-492.61290238104164,492.61290238104164,0.30724015950114847,1848.9015450347683,2591.311935718064,15.25,False,"SOC floor violated (min 0.005, unmet 493 Wh); did not refill (end SOC 0.610)"
5.0,0.36,1.6,0.28,2,mixed,29+29+14+7+1,5,80,19x10E,11.194632181050316,1.7999999999999998,13.88888888888889,0.29630769230769227,9.447504578055215,11.337005493666258,11.524934847231451,111.3879766743623,114.91793401576527,2.7288678172909124,0.0013767034014605262,0.5319627696110111,-497.0117751640621,497.0117751640621,0.1579769953239302,1760.8586143188277,2583.316077586635,15.5,False,"SOC floor violated (min 0.001, unmet 497 Wh); did not refill (end SOC 0.532)"
5.0,0.4,1.3,0.28,2,mixed,28+28+18+9,4,83,19x10E,11.37603447996548,2.0,12.5,0.2907692307692307,9.035015486109504,10.842018583331404,11.021742721671606,112.09802403456655,115.28900976123683,2.6559529427906816,0.008967447486464178,0.5936597295141761,-505.5915989901727,505.5915989901727,0.1842472350614071,1826.890812355782,2598.007786460731,15.333333333333332,False,"SOC floor violated (min 0.009, unmet 506 Wh); did not refill (end SOC 0.594)"
5.0,0.4,1.3,0.34,2,mixed,28+28+18+9,4,83,19x10E,11.37603447996548,2.0,12.5,0.2907692307692307,9.035015486109504,10.842018583331404,11.021742721671606,112.09802403456655,115.28900976123683,2.6559529427906816,0.008967447486464178,0.5936597295141761,-505.5915989901727,505.5915989901727,0.1842472350614071,1826.890812355782,2598.007786460731,15.333333333333332,False,"SOC floor violated (min 0.009, unmet 506 Wh); did not refill (end SOC 0.594)"
5.0,0.4,1.3,0.28,2,mixed,28+28+18,3,74,19x10E,11.196034479965478,2.0,12.5,0.2907692307692307,8.963251140874236,10.755901369049083,10.934197974129292,109.15572654570008,112.17403033006806,2.7050432299658045,0.0038820476414684058,0.44498466038465934,-516.8248180684191,485.7905086875846,0.19121471486769318,1628.7942182449153,2524.63844331784,15.75,False,"SOC floor violated (min 0.004, unmet 486 Wh); did not refill (end SOC 0.445)"
5.0,0.4,1.3,0.34,2,mixed,28+28+18,3,74,19x10E,11.196034479965478,2.0,12.5,0.2907692307692307,8.963251140874236,10.755901369049083,10.934197974129292,109.15572654570008,112.17403033006806,2.7050432299658045,0.0038820476414684058,0.44498466038465934,-516.8248180684191,485.7905086875846,0.19121471486769318,1628.7942182449153,2524.63844331784,15.75,False,"SOC floor violated (min 0.004, unmet 486 Wh); did not refill (end SOC 0.445)"
5.0,0.36,1.6,0.28,2,mixed,29+29+14+7+1+1,6,81,19x10E,11.310632181050316,1.7999999999999998,13.88888888888889,0.29630769230769227,9.496326466153992,11.39559175938479,11.584492275842198,113.45384332371653,117.12624762332491,2.694908272163735,0.001522835295116886,0.5321658718535157,-526.0143121921689,526.0143121921689,0.0956317550685964,1782.8693469978134,2634.107676315864,15.5,False,"SOC floor violated (min 0.002, unmet 526 Wh); did not refill (end SOC 0.532)"
5.0,0.36,1.6,0.34,2,mixed,29+29+14+1+1,5,74,19x10E,11.146632181050316,1.7999999999999998,13.88888888888889,0.29630769230769227,9.427228459912282,11.312674151894738,11.500200173792408,110.5454513671095,114.01819733908177,2.7430693268127073,0.008267570427173323,0.43397003030814957,-527.4649507223276,512.0510623783723,0.3350526332596667,1628.7942182449158,2561.4515915817224,15.833333333333332,False,"SOC floor violated (min 0.008, unmet 512 Wh); did not refill (end SOC 0.434)"
5.0,0.36,1.6,0.34,2,mixed,29+29+14+1,4,73,19x10E,11.030632181050317,1.7999999999999998,13.88888888888889,0.29630769230769227,9.37804685614108,11.253656227369294,11.440203930926108,108.53837685508168,111.87688696182514,2.7777579559831187,0.008280587059974856,0.4334475157160695,-527.9696998182768,483.95514601260686,0.08707057336036783,1606.7834855659296,2512.1855437270265,15.833333333333332,False,"SOC floor violated (min 0.008, unmet 484 Wh); did not refill (end SOC 0.433)"
5.0,0.4,1.6,0.28,2,mixed,29+29+16+8+1,5,83,19x10E,11.638720370064641,2.0,12.5,0.2907692307692307,9.13873467105017,10.966481605260203,11.148268921153498,115.76862500581274,119.17639811402702,2.5894445251647107,0.0018107335452406392,0.5526615906938447,-555.3887407006248,555.3887407006248,0.16814766825936306,1826.8908123557821,2687.4130715593114,15.5,False,"SOC floor violated (min 0.002, unmet 555 Wh); did not refill (end SOC 0.553)"
5.0,0.4,1.6,0.34,2,mixed,29+29+16+8+1,5,83,19x10E,11.638720370064641,2.0,12.5,0.2907692307692307,9.13873467105017,10.966481605260203,11.148268921153498,115.76862500581274,119.17639811402702,2.5894445251647107,0.0018107335452406392,0.5526615906938447,-555.3887407006248,555.3887407006248,0.16814766825936306,1826.8908123557821,2687.4130715593114,15.5,False,"SOC floor violated (min 0.002, unmet 555 Wh); did not refill (end SOC 0.553)"
5.0,0.4,1.6,0.28,2,mixed,29+29+16+8+1+1,6,84,19x10E,11.754720370064641,2.0,12.5,0.2907692307692307,9.184163414667486,11.020996097600984,11.203687080102824,117.77601239384025,121.30864919514023,2.5592972827238696,0.0040161910346382754,0.5555727590132925,-585.4430473450395,585.4430473450395,0.11214097187456436,1848.9015450347683,2736.6517102632083,15.5,False,"SOC floor violated (min 0.004, unmet 585 Wh); did not refill (end SOC 0.556)"
5.0,0.4,1.6,0.34,2,mixed,29+29+16+8+1+1,6,84,19x10E,11.754720370064641,2.0,12.5,0.2907692307692307,9.184163414667486,11.020996097600984,11.203687080102824,117.77601239384025,121.30864919514023,2.5592972827238696,0.0040161910346382754,0.5555727590132925,-585.4430473450395,585.4430473450395,0.11214097187456436,1848.9015450347683,2736.6517102632083,15.5,False,"SOC floor violated (min 0.004, unmet 585 Wh); did not refill (end SOC 0.556)"
4.5,0.36,1.3,0.28,2,mixed,26+26+14+7,4,73,19x10E,10.500906961880883,1.6199999999999999,12.5,0.2907692307692307,9.645046978361856,11.574056374034226,11.765915232505677,116.1597708024988,120.13511212207595,2.8984380713169973,0.007833861879799675,0.3666086584418292,-605.9058627858794,605.9058627858794,0.15337952045801134,1606.7834855659298,2698.643394486695,16.25,False,"SOC floor violated (min 0.008, unmet 606 Wh); did not refill (end SOC 0.367)"
4.5,0.36,1.3,0.34,2,mixed,26+26+14+7,4,73,19x10E,10.500906961880883,1.6199999999999999,12.5,0.2907692307692307,9.645046978361856,11.574056374034226,11.765915232505677,116.1597708024988,120.13511212207595,2.8984380713169973,0.007833861879799675,0.3666086584418292,-605.9058627858794,605.9058627858794,0.15337952045801134,1606.7834855659298,2698.643394486695,16.25,False,"SOC floor violated (min 0.008, unmet 606 Wh); did not refill (end SOC 0.367)"
4.5,0.45,1.3,0.28,2,mixed,24+24+18+9,4,75,19x10E,11.403663313139985,2.025,10.0,0.2769230769230769,8.989967645899345,10.787961175079213,10.966789223725012,85.37252101015125,131.31022126049135,2.5833392274218667,0.008409978509860954,0.31711178711687155,-640.350013645102,175.58510266511104,0.22881761970046216,1650.8049509239008,2361.520514934336,14.583333333333332,False,"SOC floor violated (min 0.008, unmet 176 Wh); did not refill (end SOC 0.317)"
4.5,0.45,1.3,0.34,2,mixed,24+24+18+9,4,75,19x10E,11.403663313139985,2.025,10.0,0.2769230769230769,8.989967645899345,10.787961175079213,10.966789223725012,85.37252101015125,131.31022126049135,2.5833392274218667,0.008409978509860954,0.31711178711687155,-640.350013645102,175.58510266511104,0.22881761970046216,1650.8049509239008,2361.520514934336,14.583333333333332,False,"SOC floor violated (min 0.008, unmet 176 Wh); did not refill (end SOC 0.317)"
4.5,0.4,1.3,0.28,2,mixed,26+26+16+8,4,76,19x10E,10.91589858808151,1.8,11.25,0.28461538461538466,9.329147140064043,11.194976568076852,11.38055156059066,120.70859287517604,124.4185308767789,2.7531373061495543,0.00024384721921888106,0.3787674430195509,-659.448406559418,659.448406559418,0.214152842386549,1672.8156836028854,2806.067410016765,16.166666666666668,False,"SOC floor violated (min 0.000, unmet 659 Wh); did not refill (end SOC 0.379)"
4.5,0.4,1.3,0.34,2,mixed,26+26+16+8,4,76,19x10E,10.91589858808151,1.8,11.25,0.28461538461538466,9.329147140064043,11.194976568076852,11.38055156059066,120.70859287517604,124.4185308767789,2.7531373061495543,0.00024384721921888106,0.3787674430195509,-659.448406559418,659.448406559418,0.214152842386549,1672.8156836028854,2806.067410016765,16.166666666666668,False,"SOC floor violated (min 0.000, unmet 659 Wh); did not refill (end SOC 0.379)"
4.5,0.36,1.6,0.28,2,mixed,26+26+12+6,4,70,19x10E,10.654359617476013,1.6199999999999999,12.5,0.2907692307692307,9.715264251204292,11.658317101445151,11.85157271887928,118.57931552955849,122.74792182838705,2.8497259003644744,0.006303662378650673,0.29308506425439573,-663.5598279302537,658.9276649457215,0.19758683517083733,1540.7512875289738,2756.8207360924057,16.583333333333332,False,"SOC floor violated (min 0.006, unmet 659 Wh); did not refill (end SOC 0.293)"
4.5,0.4,1.3,0.28,2,mixed,26+26+16,3,68,19x10E,10.74389858808151,1.8,11.25,0.28461538461538466,9.255356398237872,11.106427677885446,11.290534828145686,117.3415408754285,120.88875464285802,2.8067702583113388,0.003148375864233093,0.2695797079270657,-686.2660021424546,645.3531905889641,0.319635286934106,1496.7298221710025,2721.9142808241613,16.75,False,"SOC floor violated (min 0.003, unmet 645 Wh); did not refill (end SOC 0.270)"
4.5,0.4,1.3,0.34,2,mixed,26+26+16,3,68,19x10E,10.74389858808151,1.8,11.25,0.28461538461538466,9.255356398237872,11.106427677885446,11.290534828145686,117.3415408754285,120.88875464285802,2.8067702583113388,0.003148375864233093,0.2695797079270657,-686.2660021424546,645.3531905889641,0.319635286934106,1496.7298221710025,2721.9142808241613,16.75,False,"SOC floor violated (min 0.003, unmet 645 Wh); did not refill (end SOC 0.270)"
4.5,0.36,1.3,0.28,2,mixed,26+26+14,3,66,19x10E,10.336906961880883,1.6199999999999999,12.5,0.2907692307692307,9.569433872546123,11.483320647055347,11.673675412887347,112.85089818868862,116.58225467261397,2.955256580982716,0.00379838481877846,0.26809835957371175,-687.6969846517944,581.4167230280134,0.11558784172127426,1452.7083568130329,2615.784837410643,16.666666666666664,False,"SOC floor violated (min 0.004, unmet 581 Wh); did not refill (end SOC 0.268)"
4.5,0.36,1.3,0.34,2,mixed,26+26+14,3,66,19x10E,10.336906961880883,1.6199999999999999,12.5,0.2907692307692307,9.569433872546123,11.483320647055347,11.673675412887347,112.85089818868862,116.58225467261397,2.955256580982716,0.00379838481877846,0.26809835957371175,-687.6969846517944,581.4167230280134,0.11558784172127426,1452.7083568130329,2615.784837410643,16.666666666666664,False,"SOC floor violated (min 0.004, unmet 581 Wh); did not refill (end SOC 0.268)"
4.5,0.4,1.6,0.28,2,mixed,26+26+14+7,4,73,19x10E,11.057051410537635,1.8,11.25,0.28461538461538466,9.389270718642369,11.267124862370842,11.453895830516407,122.75031311623428,126.58739942085863,2.71320048771869,0.004702751681222748,0.31436337436426565,-711.2667654736274,711.2667654736274,0.09338639931433808,1606.7834855659298,2854.4659048822373,16.583333333333332,False,"SOC floor violated (min 0.005, unmet 711 Wh); did not refill (end SOC 0.314)"
4.5,0.4,1.6,0.34,2,mixed,26+26+14+7,4,73,19x10E,11.057051410537635,1.8,11.25,0.28461538461538466,9.389270718642369,11.267124862370842,11.453895830516407,122.75031311623428,126.58739942085863,2.71320048771869,0.004702751681222748,0.31436337436426565,-711.2667654736274,711.2667654736274,0.09338639931433808,1606.7834855659298,2854.4659048822373,16.583333333333332,False,"SOC floor violated (min 0.005, unmet 711 Wh); did not refill (end SOC 0.314)"
4.5,0.4,1.6,0.28,2,mixed,26+26+14,3,66,19x10E,10.893051410537636,1.8,11.25,0.28461538461538466,9.319378987441077,11.183254784929291,11.368635469772459,119.51129957873385,123.14371023578433,2.7633981446050564,0.005882387003836918,0.22372277150942527,-730.5638027218952,696.2844606830803,0.167173830122388,1452.7083568130327,2773.3953636008728,17.083333333333336,False,"SOC floor violated (min 0.006, unmet 696 Wh); did not refill (end SOC 0.224)"
4.5,0.4,1.6,0.34,2,mixed,26+26+14,3,66,19x10E,10.893051410537636,1.8,11.25,0.28461538461538466,9.319378987441077,11.183254784929291,11.368635469772459,119.51129957873385,123.14371023578433,2.7633981446050564,0.005882387003836918,0.22372277150942527,-730.5638027218952,696.2844606830803,0.167173830122388,1452.7083568130327,2773.3953636008728,17.083333333333336,False,"SOC floor violated (min 0.006, unmet 696 Wh); did not refill (end SOC 0.224)"
4.5,0.36,1.6,0.28,2,mixed,26+26+12,3,64,19x10E,10.498359617476012,1.6199999999999999,12.5,0.2907692307692307,9.6438770438625,11.572652452635,11.76448803881985,115.34886825269064,119.27979338641717,2.902605294141462,0.0016176441621096691,0.21375314475696952,-740.1944621647674,632.7017577254536,0.1731320620210326,1408.6868914550619,2675.5617369061774,17.083333333333336,False,"SOC floor violated (min 0.002, unmet 633 Wh); did not refill (end SOC 0.214)"
4.5,0.36,1.6,0.34,2,mixed,26+26+12,3,64,19x10E,10.498359617476012,1.6199999999999999,12.5,0.2907692307692307,9.6438770438625,11.572652452635,11.76448803881985,115.34886825269064,119.27979338641717,2.902605294141462,0.0016176441621096691,0.21375314475696952,-740.1944621647674,632.7017577254536,0.1731320620210326,1408.6868914550619,2675.5617369061774,17.083333333333336,False,"SOC floor violated (min 0.002, unmet 633 Wh); did not refill (end SOC 0.214)"
4.5,0.45,1.6,0.28,2,mixed,24+24+16,3,64,19x10E,11.356124120614664,2.025,10.0,0.2769230769230769,8.971209544703502,10.970579658772406,10.94390636695011,127.0035092635691,129.52996783152605,2.599319313577284,0.009710265133280337,0.1555640749475537,-844.589988752269,844.589988752269,0.22032237048423295,1408.6868914550619,2943.453511947398,17.916666666666668,False,"SOC floor violated (min 0.010, unmet 845 Wh); did not refill (end SOC 0.156)"
4.5,0.45,1.6,0.34,2,mixed,24+24+16,3,64,19x10E,11.356124120614664,2.025,10.0,0.2769230769230769,8.971209544703502,10.970579658772406,10.94390636695011,127.0035092635691,129.52996783152605,2.599319313577284,0.009710265133280337,0.1555640749475537,-844.589988752269,844.589988752269,0.22032237048423295,1408.6868914550619,2943.453511947398,17.916666666666668,False,"SOC floor violated (min 0.010, unmet 845 Wh); did not refill (end SOC 0.156)"
4.5,0.45,1.6,0.28,2,mixed,24+24+16+8,4,72,19x10E,11.528124120614665,2.025,10.0,0.2769230769230769,9.038893250069156,11.051800105211191,11.231601379864816,130.43752742189923,134.39683185920498,2.561759149944616,0.004920049145984293,0.24213323543438,-847.0077075961065,847.0077075961065,0.17751821148318925,1584.7727528869445,3037.885847150285,17.083333333333336,False,"SOC floor violated (min 0.005, unmet 847 Wh); did not refill (end SOC 0.242)"
4.5,0.45,1.6,0.34,2,mixed,24+24+16+8,4,72,19x10E,11.528124120614665,2.025,10.0,0.2769230769230769,9.038893250069156,11.051800105211191,11.231601379864816,130.43752742189923,134.39683185920498,2.561759149944616,0.004920049145984293,0.24213323543438,-847.0077075961065,847.0077075961065,0.17751821148318925,1584.7727528869445,3037.885847150285,17.083333333333336,False,"SOC floor violated (min 0.005, unmet 847 Wh); did not refill (end SOC 0.242)"
4.0,0.36,1.3,0.28,2,mixed,22+22+14+7,4,65,19x10E,10.077505135878809,1.44,11.11111111111111,0.2838461538461538,10.021753520261843,12.026104224314212,12.225456513068561,129.30979377176885,134.50371272379786,2.976847053337138,0.0016502750425046557,0.1323944064984455,-871.7865610492743,871.7865610492743,0.11326119671793813,1430.6976241340474,3015.031390813944,17.916666666666668,False,"SOC floor violated (min 0.002, unmet 872 Wh); did not refill (end SOC 0.132)"
4.5,0.36,1.6,0.34,2,mixed,26+26,2,52,19x10E,10.294359617476012,1.6199999999999999,12.5,0.2907692307692307,9.54971937610962,11.459663251331543,11.64962585725078,111.27677565342748,114.91329296991975,2.973494472877156,0.008452029327137803,0.07340765334319484,-875.7682068704737,654.8980860940895,0.26109620724351734,1144.5580993072379,2569.734331593836,18.75,False,"SOC floor violated (min 0.008, unmet 655 Wh); did not refill (end SOC 0.073)"
4.0,0.36,1.3,0.28,2,mixed,22+22+14,3,58,19x10E,9.91350513587881,1.44,11.11111111111111,0.2838461538461538,9.939872671487539,11.927847205785046,12.125570724227362,125.08176093944805,129.90882198167657,3.0420653067058248,0.0018532198464623981,0.06590711592569116,-883.0137260157823,852.895047489967,0.2375150288145633,1276.6224953811488,2906.499822844755,18.916666666666664,False,"SOC floor violated (min 0.002, unmet 853 Wh); did not refill (end SOC 0.066)"
4.0,0.36,1.3,0.34,2,mixed,22+22+14,3,58,19x10E,9.91350513587881,1.44,11.11111111111111,0.2838461538461538,9.939872671487539,11.927847205785046,12.125570724227362,125.08176093944805,129.90882198167657,3.0420653067058248,0.0018532198464623981,0.06590711592569116,-883.0137260157823,852.895047489967,0.2375150288145633,1276.6224953811488,2906.499822844755,18.916666666666664,False,"SOC floor violated (min 0.002, unmet 853 Wh); did not refill (end SOC 0.066)"
4.0,0.4,1.3,0.28,2,mixed,22+22+16,3,60,19x10E,10.277787841241597,1.6,10.0,0.2769230769230769,9.601482223914417,11.5217786686973,11.71277093895237,129.00362154291275,133.40057776596612,2.9039248713586825,0.005126558514892984,0.076236160313781,-911.2166776384091,911.2166776384091,0.16654541337376588,1320.64396073912,2998.804524182346,18.833333333333332,False,"SOC floor violated (min 0.005, unmet 911 Wh); did not refill (end SOC 0.076)"
4.0,0.4,1.3,0.34,2,mixed,22+22+16,3,60,19x10E,10.277787841241597,1.6,10.0,0.2769230769230769,9.601482223914417,11.5217786686973,11.71277093895237,129.00362154291275,133.40057776596612,2.9039248713586825,0.005126558514892984,0.076236160313781,-911.2166776384091,911.2166776384091,0.16654541337376588,1320.64396073912,2998.804524182346,18.833333333333332,False,"SOC floor violated (min 0.005, unmet 911 Wh); did not refill (end SOC 0.076)"
4.0,0.4,1.3,0.28,2,mixed,22+22+16+8,4,68,19x10E,10.449787841241598,1.6,10.0,0.2769230769230769,9.681489851078048,11.617787821293657,11.810371599817277,133.15561029346205,137.85536567454088,2.842967104932364,0.0,0.15358665299381175,-915.8988042666887,915.8988042666887,0.19579670971542382,1496.7298221710028,3105.1081181748114,17.75,False,"SOC floor violated (min 0.000, unmet 916 Wh); did not refill (end SOC 0.154)"
4.0,0.4,1.3,0.34,2,mixed,22+22+16+8,4,68,19x10E,10.449787841241598,1.6,10.0,0.2769230769230769,9.681489851078048,11.617787821293657,11.810371599817277,133.15561029346205,137.85536567454088,2.842967104932364,0.0,0.15358665299381175,-915.8988042666887,915.8988042666887,0.19579670971542382,1496.7298221710028,3105.1081181748114,17.75,False,"SOC floor violated (min 0.000, unmet 916 Wh); did not refill (end SOC 0.154)"
4.0,0.36,1.6,0.28,2,mixed,24+24+12,3,60,19x10E,10.115530125581612,1.44,11.11111111111111,0.2838461538461538,10.040643030646635,12.048771636775962,12.248499674856122,129.57421598149557,134.8154345893176,2.9650375218285285,0.0,0.06431111493087928,-916.4191428963524,916.4191428963524,0.17453885946384182,1320.6439607391196,3016.424044812322,18.916666666666664,False,"SOC floor violated (min 0.000, unmet 916 Wh); did not refill (end SOC 0.064)"
4.0,0.36,1.6,0.34,2,mixed,24+24+12,3,60,19x10E,10.115530125581612,1.44,11.11111111111111,0.2838461538461538,10.040643030646635,12.048771636775962,12.248499674856122,129.57421598149557,134.8154345893176,2.9650375218285285,0.0,0.06431111493087928,-916.4191428963524,916.4191428963524,0.17453885946384182,1320.6439607391196,3016.424044812322,18.916666666666664,False,"SOC floor violated (min 0.000, unmet 916 Wh); did not refill (end SOC 0.064)"
4.0,0.36,1.3,0.28,3,mixed,22+22+14+7,4,65,22x12E,11.411691623879996,1.44,11.11111111111111,0.2838461538461538,10.664542194092826,12.79745063291139,13.009589246240031,98.2926724651025,100.95752311215821,5.948258156429456,0.09621894203130563,0.3414849307806526,-925.2083352988343,0.0,0.1941335007570224,1430.697624134047,2260.5650152261624,15.916666666666666,False,"SOC floor violated (min 0.096, unmet 0 Wh); did not refill (end SOC 0.341)"
4.0,0.36,1.3,0.34,2,mixed,22+22,2,44,19x10E,9.693505135878809,1.44,11.11111111111111,0.2838461538461538,9.828961310888305,11.794753573065966,11.99027084750721,119.67257820739198,124.05211851805679,3.1320422378083883,0.00883999013559748,0.00883999013559748,-951.0030182553431,951.0030182553431,0.0,968.4722378753553,2752.1418769774036,24.0,False,"SOC floor violated (min 0.009, unmet 951 Wh); did not refill (end SOC 0.009)"
4.5,0.45,1.3,0.28,2,mixed,24+24+18,3,66,18x10E,11.206691640575242,2.025,10.0,0.2769230769230769,8.91198909860121,10.69438691832145,10.871663821067862,134.69775085798022,138.47967029976843,2.1298532001499852,0.0,0.1218232611007156,-959.136834344759,959.136834344759,0.11697195332191275,1452.7083568130329,3134.4920573817976,18.25,False,"SOC floor violated (min 0.000, unmet 959 Wh); did not refill (end SOC 0.122)"
4.5,0.45,1.3,0.34,2,mixed,24+24+18,3,66,18x10E,11.206691640575242,2.025,10.0,0.2769230769230769,8.91198909860121,10.69438691832145,10.871663821067862,134.69775085798022,138.47967029976843,2.1298532001499852,0.0,0.1218232611007156,-959.136834344759,959.136834344759,0.11697195332191275,1452.7083568130329,3134.4920573817976,18.25,False,"SOC floor violated (min 0.000, unmet 959 Wh); did not refill (end SOC 0.122)"
4.0,0.36,1.6,0.28,2,mixed,24+24,2,48,19x10E,9.911530125581612,1.44,11.11111111111111,0.2838461538461538,9.938882490493658,11.926658988592388,12.124362810397088,124.32294424609417,129.10705338717005,3.045972891841963,0.00527548862989216,0.00527548862989216,-971.4220098501288,971.4220098501288,0.0,1056.515168591296,2863.750661906262,24.0,False,"SOC floor violated (min 0.005, unmet 971 Wh); did not refill (end SOC 0.005)"
4.0,0.36,1.6,0.34,2,mixed,24+24,2,48,19x10E,9.911530125581612,1.44,11.11111111111111,0.2838461538461538,9.938882490493658,11.926658988592388,12.124362810397088,124.32294424609417,129.10705338717005,3.045972891841963,0.00527548862989216,0.00527548862989216,-971.4220098501288,971.4220098501288,0.0,1056.515168591296,2863.750661906262,24.0,False,"SOC floor violated (min 0.005, unmet 971 Wh); did not refill (end SOC 0.005)"
4.0,0.4,1.6,0.28,2,mixed,22+22+14,3,58,19x10E,10.436985863988303,1.6,10.0,0.2769230769230769,9.675557663830082,11.610669196596097,11.803134972306855,132.09786351194867,136.71556905151994,2.850638356934217,0.008184162197704833,0.04276122157473734,-994.4418386786658,994.4418386786658,0.15313717365965354,1276.6224953811493,3070.358781624893,19.666666666666664,False,"SOC floor violated (min 0.008, unmet 994 Wh); did not refill (end SOC 0.043)"
4.0,0.4,1.6,0.34,2,mixed,22+22+14,3,58,19x10E,10.436985863988303,1.6,10.0,0.2769230769230769,9.675557663830082,11.610669196596097,11.803134972306855,132.09786351194867,136.71556905151994,2.850638356934217,0.008184162197704833,0.04276122157473734,-994.4418386786658,994.4418386786658,0.15313717365965354,1276.6224953811493,3070.358781624893,19.666666666666664,False,"SOC floor violated (min 0.008, unmet 994 Wh); did not refill (end SOC 0.043)"
4.0,0.4,1.6,0.28,2,mixed,22+22+14+7,4,65,19x10E,10.600985863988303,1.6,10.0,0.2769230769230769,9.751279070565424,11.701534884678509,11.895506907345936,136.17499594251512,141.09512266486263,2.793712275852183,0.004718912195087228,0.09901201535190206,-999.5632908726056,999.5632908726056,0.1937802216150549,1430.6976241340474,3174.8505890330894,18.583333333333336,False,"SOC floor violated (min 0.005, unmet 1000 Wh); did not refill (end SOC 0.099)"
4.0,0.36,1.3,0.28,3,mixed,22+22+14,3,58,22x12E,11.247691623879994,1.44,11.11111111111111,0.2838461538461538,10.587633603128245,12.705160323753892,12.91576907470838,95.92749565130048,98.46555013007298,6.038968654993731,0.10146562154354213,0.2761099721117635,-1019.9366504100547,0.0,0.3124553555968248,1276.6224953811497,2201.5068087619084,16.416666666666668,False,"SOC floor violated (min 0.101, unmet 0 Wh); did not refill (end SOC 0.276)"
4.0,0.36,1.3,0.34,3,mixed,22+22+14,3,58,22x12E,11.247691623879994,1.44,11.11111111111111,0.2838461538461538,10.587633603128245,12.705160323753892,12.91576907470838,95.92749565130048,98.46555013007298,6.038968654993731,0.10146562154354213,0.2761099721117635,-1019.9366504100547,0.0,0.3124553555968248,1276.6224953811497,2201.5068087619084,16.416666666666668,False,"SOC floor violated (min 0.101, unmet 0 Wh); did not refill (end SOC 0.276)"
4.0,0.36,1.6,0.28,3,mixed,24+24+12,3,60,22x12E,11.4497166135828,1.44,11.11111111111111,0.2838461538461538,10.682295121254535,12.818754145505443,13.031245899295438,98.33860715059868,100.997430718861,5.930523948085959,0.08069501930552016,0.26588783860261667,-1034.7485218648085,0.0,0.13647033825374422,1320.6439607391203,2260.2893170070142,16.416666666666668,False,"SOC floor violated (min 0.081, unmet 0 Wh); did not refill (end SOC 0.266)"
4.0,0.36,1.6,0.34,3,mixed,24+24+12,3,60,22x12E,11.4497166135828,1.44,11.11111111111111,0.2838461538461538,10.682295121254535,12.818754145505443,13.031245899295438,98.33860715059868,100.997430718861,5.930523948085959,0.08069501930552016,0.26588783860261667,-1034.7485218648085,0.0,0.13647033825374422,1320.6439607391203,2260.2893170070142,16.416666666666668,False,"SOC floor violated (min 0.081, unmet 0 Wh); did not refill (end SOC 0.266)"
5.0,0.45,1.3,0.28,2,mixed,28+28+20+10,4,86,18x12E,11.933247403560092,2.25,11.11111111111111,0.2838461538461538,8.724418952568794,10.469302743082553,10.642848508574595,148.2405589797421,150.16548851610045,2.66000499772965,0.00983537350687434,0.3666046373868553,-1074.2421725966708,1074.2421725966708,0.31976419469233736,1892.9230103927391,3451.7291546524225,16.75,False,"SOC floor violated (min 0.010, unmet 1074 Wh); did not refill (end SOC 0.367)"
5.0,0.45,1.3,0.34,2,mixed,28+28+20+10,4,86,18x12E,11.933247403560092,2.25,11.11111111111111,0.2838461538461538,8.724418952568794,10.469302743082553,10.642848508574595,148.2405589797421,150.16548851610045,2.66000499772965,0.00983537350687434,0.3666046373868553,-1074.2421725966708,1074.2421725966708,0.31976419469233736,1892.9230103927391,3451.7291546524225,16.75,False,"SOC floor violated (min 0.010, unmet 1074 Wh); did not refill (end SOC 0.367)"
4.0,0.45,1.3,0.28,2,mixed,20+20+18+9,4,67,19x10E,10.8833858383297,1.8,8.88888888888889,0.2682692307692308,9.315243455636592,11.383420351892115,11.773846978043213,141.244003406233,147.94644207663302,2.6900950905182595,0.0016080588981125642,0.08608621509394047,-1074.4707572616549,1074.4707572616549,0.10848548866068104,1474.7190894920182,3306.16095788092,18.583333333333336,False,"SOC floor violated (min 0.002, unmet 1074 Wh); did not refill (end SOC 0.086)"
4.0,0.45,1.3,0.34,2,mixed,20+20+18+9,4,67,19x10E,10.8833858383297,1.8,8.88888888888889,0.2682692307692308,9.315243455636592,11.383420351892115,11.773846978043213,141.244003406233,147.94644207663302,2.6900950905182595,0.0016080588981125642,0.08608621509394047,-1074.4707572616549,1074.4707572616549,0.10848548866068104,1474.7190894920182,3306.16095788092,18.583333333333336,False,"SOC floor violated (min 0.002, unmet 1074 Wh); did not refill (end SOC 0.086)"
4.5,0.36,1.6,0.28,3,mixed,26+26+12+6,4,70,17x12E,11.899297943837581,1.6199999999999999,12.5,0.2907692307692307,10.267190294752549,12.320628353703059,12.524862860189092,96.43217012615065,136.08880416199224,2.2133913884017966,0.09879566304963473,0.22863556458495757,-1088.7270669163963,0.0,0.11818914439536361,1540.7512875289735,2534.7581918352666,15.416666666666668,False,"SOC floor violated (min 0.099, unmet 0 Wh); did not refill (end SOC 0.229)"
4.0,0.45,1.3,0.28,2,mixed,20+20+18,3,58,19x10E,10.7033858383297,1.8,8.88888888888889,0.2682692307692308,9.237890016072518,11.290596224415225,11.679484139283018,136.92939204060113,143.15006552949265,2.7490043542973814,0.004661926064643178,0.017471609450902537,-1089.4752014410333,1089.4752014410333,0.19180017654108872,1276.6224953811495,3189.632934557781,20.25,False,"SOC floor violated (min 0.005, unmet 1089 Wh); did not refill (end SOC 0.017)"
4.0,0.45,1.3,0.34,2,mixed,20+20+18,3,58,19x10E,10.7033858383297,1.8,8.88888888888889,0.2682692307692308,9.237890016072518,11.290596224415225,11.679484139283018,136.92939204060113,143.15006552949265,2.7490043542973814,0.004661926064643178,0.017471609450902537,-1089.4752014410333,1089.4752014410333,0.19180017654108872,1276.6224953811495,3189.632934557781,20.25,False,"SOC floor violated (min 0.005, unmet 1089 Wh); did not refill (end SOC 0.017)"
5.0,0.45,1.3,0.28,2,mixed,28+28+20,3,76,18x12E,11.745247403560091,2.25,11.11111111111111,0.2838461538461538,8.65542255467788,10.386507065613456,10.55868035773469,146.11284040065706,147.95889694437264,2.70094521928854,0.008507467060503739,0.21846906761926904,-1097.1510139364038,1097.1510139364038,0.11120813082606654,1672.8156836028859,3398.553699104604,17.583333333333332,False,"SOC floor violated (min 0.009, unmet 1097 Wh); did not refill (end SOC 0.218)"
5.0,0.45,1.3,0.34,2,mixed,28+28+20,3,76,18x12E,11.745247403560091,2.25,11.11111111111111,0.2838461538461538,8.65542255467788,10.386507065613456,10.55868035773469,146.11284040065706,147.95889694437264,2.70094521928854,0.008507467060503739,0.21846906761926904,-1097.1510139364038,1097.1510139364038,0.11120813082606654,1672.8156836028859,3398.553699104604,17.583333333333332,False,"SOC floor violated (min 0.009, unmet 1097 Wh); did not refill (end SOC 0.218)"
4.0,0.4,1.6,0.34,2,mixed,22+22,2,44,19x10E,10.216985863988302,1.6,10.0,0.2769230769230769,9.573039572627907,11.487647487153488,11.678073977415993,126.84619412281305,131.08413045279562,2.929053431197567,0.0054505105935378235,0.0054505105935378235,-1120.3785244121127,1120.3785244121127,0.0,968.4722378753553,2924.308658947531,24.0,False,"SOC floor violated (min 0.005, unmet 1120 Wh); did not refill (end SOC 0.005)"
5.0,0.45,1.6,0.28,2,mixed,28+28+18,3,74,18x12E,11.865201121267804,2.25,11.11111111111111,0.2838461538461538,8.69950901058528,10.439410812702334,10.612461070702889,146.8611854220525,148.736114586033,2.6778797637937934,0.007007907436729691,0.18206188179609573,-1123.445995630032,1123.445995630032,0.11782695419544827,1628.7942182449158,3416.0742692101267,17.916666666666668,False,"SOC floor violated (min 0.007, unmet 1123 Wh); did not refill (end SOC 0.182)"
5.0,0.45,1.6,0.34,2,mixed,28+28+18,3,74,18x12E,11.865201121267804,2.25,11.11111111111111,0.2838461538461538,8.69950901058528,10.439410812702334,10.612461070702889,146.8611854220525,148.736114586033,2.6778797637937934,0.007007907436729691,0.18206188179609573,-1123.445995630032,1123.445995630032,0.11782695419544827,1628.7942182449158,3416.0742692101267,17.916666666666668,False,"SOC floor violated (min 0.007, unmet 1123 Wh); did not refill (end SOC 0.182)"
4.0,0.45,1.6,0.28,2,mixed,22+22+16+8,4,68,19x10E,11.051879286996666,1.8,8.88888888888889,0.2682692307692308,9.387074466376664,11.4696175647802,11.861473050298637,144.6348725775289,151.74496636035735,2.639305141626858,0.0,0.0779383757971465,-1126.9431751334976,1126.9431751334976,0.11823668070745204,1496.729822171003,3388.5649342205375,18.75,False,"SOC floor violated (min 0.000, unmet 1127 Wh); did not refill (end SOC 0.078)"
4.0,0.45,1.6,0.34,2,mixed,22+22+16+8,4,68,19x10E,11.051879286996666,1.8,8.88888888888889,0.2682692307692308,9.387074466376664,11.4696175647802,11.861473050298637,144.6348725775289,151.74496636035735,2.639305141626858,0.0,0.0779383757971465,-1126.9431751334976,1126.9431751334976,0.11823668070745204,1496.729822171003,3388.5649342205375,18.75,False,"SOC floor violated (min 0.000, unmet 1127 Wh); did not refill (end SOC 0.078)"
4.0,0.45,1.6,0.28,2,mixed,22+22+16,3,60,19x10E,10.879879286996665,1.8,8.88888888888889,0.2682692307692308,9.313742681368128,11.381619422769957,11.77201619558404,140.3693671048779,146.9784609462479,2.6944828973061044,0.0074656139923644175,0.024043519736156125,-1136.9331172461539,1136.9331172461539,0.09886389291172056,1320.6439607391205,3274.7504280624526,20.083333333333336,False,"SOC floor violated (min 0.007, unmet 1137 Wh); did not refill (end SOC 0.024)"
4.0,0.45,1.6,0.34,2,mixed,22+22+16,3,60,19x10E,10.879879286996665,1.8,8.88888888888889,0.2682692307692308,9.313742681368128,11.381619422769957,11.77201619558404,140.3693671048779,146.9784609462479,2.6944828973061044,0.0074656139923644175,0.024043519736156125,-1136.9331172461539,1136.9331172461539,0.09886389291172056,1320.6439607391205,3274.7504280624526,20.083333333333336,False,"SOC floor violated (min 0.007, unmet 1137 Wh); did not refill (end SOC 0.024)"
4.0,0.4,1.6,0.28,3,mixed,22+22+14+7,4,65,18x12E,11.86201419142356,1.6,10.0,0.2769230769230769,10.31496307327831,12.377955687933971,12.583140488469848,90.88283891163205,142.72652334260826,2.7594884256764445,0.11837550310243197,0.1756740269158297,-1165.4683349989627,0.0,0.2051772680505029,1430.6976241340474,2501.8594515424556,15.5,False,"SOC floor violated (min 0.118, unmet 0 Wh); did not refill (end SOC 0.176)"
4.0,0.36,1.6,0.28,3,mixed,24+24,2,48,22x12E,11.245716613582799,1.44,11.11111111111111,0.2838461538461538,10.586704007789535,12.704044809347442,12.914635068831549,95.3970702807071,97.89823935937164,6.043138304674574,0.06602064837730173,0.1359172248046862,-1223.0759412580096,0.0,0.28468684781536047,1056.5151685912963,2184.7451319655197,17.916666666666668,False,"SOC floor violated (min 0.066, unmet 0 Wh); did not refill (end SOC 0.136)"
4.0,0.36,1.6,0.34,3,mixed,24+24,2,48,22x12E,11.245716613582799,1.44,11.11111111111111,0.2838461538461538,10.586704007789535,12.704044809347442,12.914635068831549,95.3970702807071,97.89823935937164,6.043138304674574,0.06602064837730173,0.1359172248046862,-1223.0759412580096,0.0,0.28468684781536047,1056.5151685912963,2184.7451319655197,17.916666666666668,False,"SOC floor violated (min 0.066, unmet 0 Wh); did not refill (end SOC 0.136)"
4.5,0.36,1.3,0.28,3,mixed,26+26+14+7,4,73,16x12E,11.730638977910361,1.6199999999999999,12.5,0.2907692307692307,10.194167767087263,12.233001320504716,12.435783266020131,141.57922500581589,145.42967958908272,1.7844779949464147,0.007646686963511597,0.1280714389981439,-1234.4444848916894,558.0613714316888,0.25452834826308407,1606.7834855659296,3301.9667412850126,17.75,False,"SOC floor violated (min 0.008, unmet 558 Wh); did not refill (end SOC 0.128)"
4.5,0.36,1.3,0.34,3,mixed,26+26+14+7,4,73,16x12E,11.730638977910361,1.6199999999999999,12.5,0.2907692307692307,10.194167767087263,12.233001320504716,12.435783266020131,141.57922500581589,145.42967958908272,1.7844779949464147,0.007646686963511597,0.1280714389981439,-1234.4444848916894,558.0613714316888,0.25452834826308407,1606.7834855659296,3301.9667412850126,17.75,False,"SOC floor violated (min 0.008, unmet 558 Wh); did not refill (end SOC 0.128)"
4.5,0.36,1.3,0.28,3,mixed,26+26+14,3,66,16x12E,11.566638977910362,1.6199999999999999,12.5,0.2907692307692307,10.122657254384682,12.147188705261618,12.348548166742834,114.06760699983039,141.98038945360074,1.815673644300793,0.005469647093162329,0.07388047285797573,-1312.9671948287933,150.28407314451394,0.13236878929474707,1452.708356813033,2819.990240785764,16.75,False,"SOC floor violated (min 0.005, unmet 150 Wh); did not refill (end SOC 0.074)"
4.5,0.36,1.3,0.34,3,mixed,26+26+14,3,66,16x12E,11.566638977910362,1.6199999999999999,12.5,0.2907692307692307,10.122657254384682,12.147188705261618,12.348548166742834,114.06760699983039,141.98038945360074,1.815673644300793,0.005469647093162329,0.07388047285797573,-1312.9671948287933,150.28407314451394,0.13236878929474707,1452.708356813033,2819.990240785764,16.75,False,"SOC floor violated (min 0.005, unmet 150 Wh); did not refill (end SOC 0.074)"
4.5,0.36,1.6,0.28,3,mixed,26+26+12,3,64,16x12E,11.72809163350549,1.6199999999999999,12.5,0.2907692307692307,10.193060859518688,12.231673031422426,12.43443295838023,140.68497460445448,144.47338758076197,1.7880985970318464,0.004651172789751235,0.04835580323769887,-1349.9524411085742,613.3523529243199,0.10106661890889748,1408.6868914550614,3275.065754307081,19.083333333333332,False,"SOC floor violated (min 0.005, unmet 613 Wh); did not refill (end SOC 0.048)"
4.5,0.36,1.6,0.34,3,mixed,26+26+12,3,64,16x12E,11.72809163350549,1.6199999999999999,12.5,0.2907692307692307,10.193060859518688,12.231673031422426,12.43443295838023,140.68497460445448,144.47338758076197,1.7880985970318464,0.004651172789751235,0.04835580323769887,-1349.9524411085742,613.3523529243199,0.10106661890889748,1408.6868914550614,3275.065754307081,19.083333333333332,False,"SOC floor violated (min 0.005, unmet 613 Wh); did not refill (end SOC 0.048)"
4.0,0.4,1.3,0.28,3,mixed,22+22+16+8,4,68,17x12E,11.694726167603168,1.6,10.0,0.2769230769230769,10.241969697179064,12.290363636614876,12.494096456061827,119.56128582401145,154.1329169211466,2.1830066467124256,0.003483209100126193,0.047892390679274546,-1350.623925905731,243.26296169810982,0.2404085312094845,1496.729822171003,2994.3532467142963,16.916666666666668,False,"SOC floor violated (min 0.003, unmet 243 Wh); did not refill (end SOC 0.048)"
4.0,0.4,1.3,0.34,3,mixed,22+22+16+8,4,68,17x12E,11.694726167603168,1.6,10.0,0.2769230769230769,10.241969697179064,12.290363636614876,12.494096456061827,119.56128582401145,154.1329169211466,2.1830066467124256,0.003483209100126193,0.047892390679274546,-1350.623925905731,243.26296169810982,0.2404085312094845,1496.729822171003,2994.3532467142963,16.916666666666668,False,"SOC floor violated (min 0.003, unmet 243 Wh); did not refill (end SOC 0.048)"
4.0,0.52,1.3,0.22,2,mixed,29+29+29+10+1+1,6,99,19x10E,11.985279649637658,2.08,7.692307692307692,0.25615384615384607,9.093705127623007,11.322702563404018,11.503594153561732,169.93640253307188,175.15117611640912,2.339671368078831,0.0,0.3940440187159392,-1358.0350762282746,1358.0350762282746,0.15023225362456333,2179.0625352195493,3996.2807692729275,16.75,False,"SOC floor violated (min 0.000, unmet 1358 Wh); did not refill (end SOC 0.394)"
4.0,0.52,1.3,0.28,2,mixed,29+29+29+10+1+1,6,99,19x10E,11.985279649637658,2.08,7.692307692307692,0.25615384615384607,9.093705127623007,11.322702563404018,11.503594153561732,169.93640253307188,175.15117611640912,2.339671368078831,0.0,0.3940440187159392,-1358.0350762282746,1358.0350762282746,0.15023225362456333,2179.0625352195493,3996.2807692729275,16.75,False,"SOC floor violated (min 0.000, unmet 1358 Wh); did not refill (end SOC 0.394)"
4.0,0.52,1.3,0.34,2,mixed,29+29+29+10+1+1,6,99,19x10E,11.985279649637658,2.08,7.692307692307692,0.25615384615384607,9.093705127623007,11.322702563404018,11.503594153561732,169.93640253307188,175.15117611640912,2.339671368078831,0.0,0.3940440187159392,-1358.0350762282746,1358.0350762282746,0.15023225362456333,2179.0625352195493,3996.2807692729275,16.75,False,"SOC floor violated (min 0.000, unmet 1358 Wh); did not refill (end SOC 0.394)"
4.0,0.52,1.6,0.22,2,mixed,29+29+27+9+1,5,95,19x10E,11.983001079208373,2.08,7.692307692307692,0.25615384615384607,9.092840665836652,11.321665209260393,11.502539603581535,168.89055419004114,174.04879319062817,2.343645389419566,0.008575304444741715,0.3440559845707045,-1373.145348526699,1373.145348526699,0.22735157587663696,2091.0196045036073,3969.910826815147,16.916666666666668,False,"SOC floor violated (min 0.009, unmet 1373 Wh); did not refill (end SOC 0.344)"
4.0,0.52,1.6,0.28,2,mixed,29+29+27+9+1,5,95,19x10E,11.983001079208373,2.08,7.692307692307692,0.25615384615384607,9.092840665836652,11.321665209260393,11.502539603581535,168.89055419004114,174.04879319062817,2.343645389419566,0.008575304444741715,0.3440559845707045,-1373.145348526699,1373.145348526699,0.22735157587663696,2091.0196045036073,3969.910826815147,16.916666666666668,False,"SOC floor violated (min 0.009, unmet 1373 Wh); did not refill (end SOC 0.344)"
4.0,0.52,1.6,0.34,2,mixed,29+29+27+9+1,5,95,19x10E,11.983001079208373,2.08,7.692307692307692,0.25615384615384607,9.092840665836652,11.321665209260393,11.502539603581535,168.89055419004114,174.04879319062817,2.343645389419566,0.008575304444741715,0.3440559845707045,-1373.145348526699,1373.145348526699,0.22735157587663696,2091.0196045036073,3969.910826815147,16.916666666666668,False,"SOC floor violated (min 0.009, unmet 1373 Wh); did not refill (end SOC 0.344)"
4.0,0.4,1.6,0.34,3,mixed,22+22,2,44,16x12E,11.446717880017781,1.6,10.0,0.2769230769230769,10.132787793762514,12.159345352515016,12.360906330248573,137.44608159814916,160.69800968245852,1.769608353397246,0.009777600828583546,0.009777600828583546,-1405.8522563993824,899.9905305594878,0.0,968.4722378753553,3178.705958355572,24.0,False,"SOC floor violated (min 0.010, unmet 900 Wh); did not refill (end SOC 0.010)"
4.0,0.45,1.3,0.28,3,mixed,20+20+18,3,58,19x10E,11.9813858383297,1.8,8.88888888888889,0.2682692307692308,9.77385121837966,11.72862146205559,11.923042488913728,169.15111473246176,175.15476355102157,2.361094049904991,0.008039550754902732,0.008039550754902732,-1408.370690956146,1352.196909882233,0.0,1276.62249538115,3939.6267535790994,24.0,False,"SOC floor violated (min 0.008, unmet 1352 Wh); did not refill (end SOC 0.008)"
4.0,0.45,1.3,0.34,3,mixed,20+20+18,3,58,19x10E,11.9813858383297,1.8,8.88888888888889,0.2682692307692308,9.77385121837966,11.72862146205559,11.923042488913728,169.15111473246176,175.15476355102157,2.361094049904991,0.008039550754902732,0.008039550754902732,-1408.370690956146,1352.196909882233,0.0,1276.62249538115,3939.6267535790994,24.0,False,"SOC floor violated (min 0.008, unmet 1352 Wh); did not refill (end SOC 0.008)"
4.0,0.4,1.6,0.28,3,mixed,22+22+14,3,58,17x12E,11.681924190349873,1.6,10.0,0.2769230769230769,10.236362324942784,12.28363478993134,12.487256067771629,118.23450998128473,153.02920350422278,2.1888868669954573,0.006032204935825421,0.006032204935825421,-1411.279335047989,325.14490244853283,0.0,1276.62249538115,2917.6977273077187,18.25,False,"SOC floor violated (min 0.006, unmet 325 Wh); did not refill (end SOC 0.006)"
4.0,0.4,1.6,0.34,3,mixed,22+22+14,3,58,17x12E,11.681924190349873,1.6,10.0,0.2769230769230769,10.236362324942784,12.28363478993134,12.487256067771629,118.23450998128473,153.02920350422278,2.1888868669954573,0.006032204935825421,0.006032204935825421,-1411.279335047989,325.14490244853283,0.0,1276.62249538115,2917.6977273077187,18.25,False,"SOC floor violated (min 0.006, unmet 325 Wh); did not refill (end SOC 0.006)"
4.5,0.36,1.6,0.34,3,mixed,26+26,2,52,16x12E,11.52409163350549,1.6199999999999999,12.5,0.2907692307692307,10.104022239244985,12.124826687093982,12.325815461657827,111.98403478239413,140.21212110439066,1.8270469976319637,0.0054769976304694925,0.0054769976304694925,-1412.0838304334497,251.96407826038669,0.0,1144.558099307237,2713.461947441106,18.833333333333332,False,"SOC floor violated (min 0.005, unmet 252 Wh); did not refill (end SOC 0.005)"
4.0,0.4,1.3,0.28,3,mixed,22+22+16,3,60,16x12E,11.507519857271076,1.6,10.0,0.2769230769230769,10.159663513643904,12.191596216372686,12.393691804766886,140.2290980708131,163.06808163513693,1.7545537279599221,0.004408934522104146,0.004408934522104146,-1413.6314538774711,696.5971501942496,0.0,1320.6439607391208,3334.951039326452,20.083333333333336,False,"SOC floor violated (min 0.004, unmet 697 Wh); did not refill (end SOC 0.004)"
4.0,0.4,1.3,0.34,3,mixed,22+22+16,3,60,16x12E,11.507519857271076,1.6,10.0,0.2769230769230769,10.159663513643904,12.191596216372686,12.393691804766886,140.2290980708131,163.06808163513693,1.7545537279599221,0.004408934522104146,0.004408934522104146,-1413.6314538774711,696.5971501942496,0.0,1320.6439607391208,3334.951039326452,20.083333333333336,False,"SOC floor violated (min 0.004, unmet 697 Wh); did not refill (end SOC 0.004)"
4.0,0.36,1.3,0.34,3,mixed,22+22,2,44,19x12E,10.97150513587881,1.44,11.11111111111111,0.2838461538461538,10.456836283666332,12.548203540399598,12.756210476717063,113.67565712992266,116.77618470902948,3.763957641202354,0.003856375931617085,0.003856375931617085,-1414.4321112750868,322.08102853478084,0.0,968.4722378753553,2609.7660349076987,23.5,False,"SOC floor violated (min 0.004, unmet 322 Wh); did not refill (end SOC 0.004)"
