span_m,chord_m,tail_arm_m,elevator_frac,taper_ratio,taper_start_frac,washout_tip_deg,washout_start_frac,y_washout_m,tip_chord_m,y_taper_m,boom_spacing_m,boom_spacing_set_m,hstab_chord_m,tail_volume_h,incidence_wing_deg,incidence_hstab_deg,n_packs,cells_per_string,one_string_per_bay,string_plan,n_strings,n_cells,inboard_cells,outboard_cells,hstab_cells,motor,prop,mass_kg,wing_area_m2,aspect_ratio,static_margin,v_stall,v_night,v_day,p_night_w,p_day_w,climb_ms,soc_min,soc_end,margin_wh,unmet_wh,spilled_wh,solar_wh,propulsion_wh,battery_night_h,closed,reason
6.0,0.36,0.9,0.34,1.0,1.0,3.5,0.7,2.295,0.36,3.0,1.3,1.3,0.33230769230769225,0.5,4.082853617024368,-0.520198904594025,2,mixed,False,26+26+20+10+10,5,92,20,36,10,A40-12L-V4-kv410-direct,16x12E,11.631672126720108,2.16,16.666666666666664,0.2911511354737667,8.946331231363908,10.73559747763669,10.91355751260673,90.41055395932304,91.95222499895326,11.388583034675339,0.00998037653997786,0.9003024803218543,-183.5589562623814,160.52762909637926,0.18474343043462818,1936.294890373904,2065.013060246781,14.166666666666668,False,"SOC floor violated (min 0.010, unmet 161 Wh); did not refill (end SOC 0.900); FLAG 16x12E: shaft power table 34.7 W vs similarity 29.3 W (16%) at 2367 rpm, 10.74 m/s; FLAG 16x12E: shaft power table 35.4 W vs similarity 29.9 W (16%) at 2408 rpm, 10.91 m/s"
6.0,0.36,1.0,0.34,1.0,1.0,2.0,0.7,2.3339999999999996,0.36,3.0,1.56,1.56,0.2492307692307692,0.5,4.219117561283159,-0.20787978538085428,2,mixed,False,26+26+24+12+8,5,96,24,34,12,A40-12L-V4-kv410-direct,16x12E,11.6322335790278,2.16,16.666666666666664,0.3334529147982063,8.87302460280298,10.647629523363575,10.824131346040234,90.06522265688459,91.5819637390842,11.304840665848968,0.00992835566465557,0.9831269728248347,-183.60920842794272,148.712585570206,0.18909313719008952,2020.4816247379865,2056.732754587225,14.0,False,"SOC floor violated (min 0.010, unmet 149 Wh); FLAG 16x12E: shaft power table 34.5 W vs similarity 29.2 W (15%) at 2359 rpm, 10.65 m/s; FLAG 16x12E: shaft power table 35.2 W vs similarity 29.8 W (15%) at 2398 rpm, 10.82 m/s"
6.0,0.36,0.8,0.34,1.0,1.0,0.0,0.0,3.0,0.36,3.0,1.56,1.56,0.3115384615384615,0.5,5.38743959638817,-0.06340249096127382,2,mixed,False,26+26+24+12+8+8,6,104,24,34,12,A40-12L-V4-kv410-direct,MJ-21x14EL,11.772311353846153,2.16,16.666666666666664,0.31441860465116284,8.362146027172475,10.03457523260697,10.200914680693034,91.2697810461094,93.40754467095188,19.295951700502044,0.009910012373714139,0.9999999999999991,-183.62692804699216,153.14033217346065,120.10391298363216,2188.855093466153,2092.3868222612646,13.75,False,"SOC floor violated (min 0.010, unmet 153 Wh); FLAG MJ-21x14EL: shaft power table 37.7 W vs similarity 29.2 W (23%) at 1602 rpm, 10.03 m/s; FLAG MJ-21x14EL: shaft power table 37.7 W vs similarity 30.7 W (19%) at 1639 rpm, 10.20 m/s"
6.0,0.36,0.9,0.34,1.0,1.0,3.5,0.7,2.3339999999999996,0.36,3.0,1.56,1.56,0.2769230769230769,0.5,4.098142948504007,-0.2871095436880391,2,mixed,False,26+26+24+12+8,5,96,24,34,12,A40-12L-V4-kv410-direct,16x12E,11.629610588258569,2.16,16.666666666666664,0.3247161572052402,8.937196919532235,10.724636303438682,10.90241463907176,90.7419438835979,92.30750909217056,11.378182693581024,0.009670568337835372,0.9755380526909551,-183.85823098565106,158.02667940671296,0.12863102443289282,2020.4816247379865,2073.4623052920792,14.0,False,"SOC floor violated (min 0.010, unmet 158 Wh); FLAG 16x12E: shaft power table 34.8 W vs similarity 29.4 W (15%) at 2369 rpm, 10.72 m/s; FLAG 16x12E: shaft power table 35.5 W vs similarity 30.0 W (16%) at 2409 rpm, 10.90 m/s"
6.0,0.36,1.0,0.34,1.0,1.0,0.0,0.0,3.0,0.36,3.0,1.56,1.56,0.2492307692307692,0.5,5.387200084421331,0.052343329248202064,2,mixed,False,26+26+24+12+8,5,96,24,34,12,A40-12L-V4-kv410-direct,MJ-21x14EL,11.585713083076923,2.16,16.666666666666664,0.3334529147982063,8.295608768398488,9.954730522078185,10.119746413882684,87.55534277679887,89.77258017939302,19.487520410788242,0.00951374682324714,0.9999327794521435,-184.0097205687433,113.22999824295964,1.4837376109265001,2020.4816247379865,2003.6853704526768,13.916666666666668,False,"SOC floor violated (min 0.010, unmet 113 Wh); FLAG MJ-21x14EL: shaft power table 36.6 W vs similarity 27.6 W (24%) at 1580 rpm, 9.95 m/s; FLAG MJ-21x14EL: shaft power table 36.7 W vs similarity 28.9 W (21%) at 1615 rpm, 10.12 m/s"
6.0,0.36,1.0,0.34,1.0,1.0,2.0,0.35,1.4725000000000001,0.36,3.0,1.3,1.3,0.2990769230769231,0.5000000000000001,3.933721492607012,-0.4785789818600792,2,mixed,False,26+26+20+10+10,5,92,20,36,10,A40-12L-V4-kv410-direct,16x12E,11.630888963643184,2.16,16.666666666666664,0.3013454368617281,9.028612184268082,10.834334621121698,11.013931385257866,89.79046865186919,91.3117572393667,11.487886384071828,0.00950838095452406,0.9062354405748184,-184.01490399792976,151.37983852471615,0.23811574373350788,1936.294890373904,2050.0573594708703,14.083333333333334,False,"SOC floor violated (min 0.010, unmet 151 Wh); did not refill (end SOC 0.906); FLAG 16x12E: shaft power table 34.5 W vs similarity 29.0 W (16%) at 2370 rpm, 10.83 m/s; FLAG 16x12E: shaft power table 35.1 W vs similarity 29.5 W (16%) at 2411 rpm, 11.01 m/s"
6.0,0.36,1.0,0.34,1.0,1.0,2.0,0.7,2.295,0.36,3.0,1.3,1.3,0.2990769230769231,0.5000000000000001,4.210633246893846,-0.4156565448819727,2,mixed,False,26+26+20+10+10+10,6,102,20,36,10,A40-12L-V4-kv410-direct,16x12E,11.818888963643184,2.16,16.666666666666664,0.3013454368617281,8.948772739945689,10.738527287934826,10.916535889288264,91.18359795773041,92.74294624516585,11.206987088658144,0.009475681577049202,0.9999999999999633,-184.0464915965705,154.4272719833913,87.60292909579985,2146.7617262841127,2084.2597252411147,13.833333333333332,False,"SOC floor violated (min 0.009, unmet 154 Wh); FLAG 16x12E: shaft power table 35.0 W vs similarity 29.6 W (15%) at 2372 rpm, 10.74 m/s; FLAG 16x12E: shaft power table 35.7 W vs similarity 30.2 W (16%) at 2413 rpm, 10.92 m/s"
6.0,0.36,0.8,0.34,1.0,1.0,0.0,0.0,3.0,0.36,3.0,1.3,1.3,0.3738461538461538,0.5,5.387467990127604,-0.3188703256055585,2,mixed,False,26+26+20+10+10+10,6,102,20,36,10,A40-12L-V4-kv410-direct,MJ-21x14EL,11.794630584615383,2.16,16.666666666666664,0.27933884297520667,8.370069207401258,10.04408304888151,10.210580104526931,91.19008500452391,93.3323891641723,19.275599163451716,0.009398837901465881,0.999999999999921,-184.12072258718396,154.4926098436256,81.6114549245314,2146.7617262841127,2090.342132398332,13.833333333333332,False,"SOC floor violated (min 0.009, unmet 154 Wh); FLAG MJ-21x14EL: shaft power table 37.6 W vs similarity 29.2 W (22%) at 1602 rpm, 10.04 m/s; FLAG MJ-21x14EL: shaft power table 37.6 W vs similarity 30.7 W (18%) at 1640 rpm, 10.21 m/s"
6.0,0.36,1.0,0.34,1.0,1.0,3.5,0.7,2.3339999999999996,0.36,3.0,1.56,1.56,0.2492307692307692,0.5,4.098150185940968,-0.23490803690023077,2,mixed,False,26+26+24+12+8,5,96,24,34,12,A40-12L-V4-kv410-direct,16x12E,11.6322335790278,2.16,16.666666666666664,0.3334529147982063,8.938204729001946,10.725845674802335,10.903644057737912,90.10967785538183,91.64728678779557,11.380169497728765,0.009394086460156636,0.9819312699071429,-184.1253124794887,148.82916715384167,0.18364954979747594,2020.4816247379865,2058.008357853303,14.0,False,"SOC floor violated (min 0.009, unmet 149 Wh); FLAG 16x12E: shaft power table 34.6 W vs similarity 29.2 W (16%) at 2364 rpm, 10.73 m/s; FLAG 16x12E: shaft power table 35.3 W vs similarity 29.7 W (16%) at 2405 rpm, 10.90 m/s"
6.0,0.36,0.9,0.34,1.0,1.0,0.0,0.0,3.0,0.36,3.0,1.56,1.56,0.2769230769230769,0.5,5.387196690204089,0.0007055231101220638,2,mixed,False,26+26+24+12+8,5,96,24,34,12,A40-12L-V4-kv410-direct,MJ-21x14EL,11.583090092307692,2.16,16.666666666666664,0.3247161572052402,8.294669657582524,9.953603589099028,10.118600800151684,88.19034214584448,90.44494564709174,19.486982262892383,0.009305009610103237,0.9940563808822618,-184.21136071664029,121.94809902630318,0.2838446448561278,2020.4816247379865,2019.302130137855,13.916666666666668,False,"SOC floor violated (min 0.009, unmet 122 Wh); FLAG MJ-21x14EL: shaft power table 36.8 W vs similarity 27.9 W (24%) at 1583 rpm, 9.95 m/s; FLAG MJ-21x14EL: shaft power table 36.9 W vs similarity 29.2 W (21%) at 1618 rpm, 10.12 m/s"
6.0,0.36,0.9,0.34,1.0,1.0,3.5,0.35,1.4725000000000001,0.36,3.0,1.3,1.3,0.33230769230769225,0.5,3.6243814650821484,-0.6241234233809014,2,mixed,False,26+26+20+10+10,5,92,20,36,10,A40-12L-V4-kv410-direct,16x12E,11.631672126720108,2.16,16.666666666666664,0.2911511354737667,9.207504001739505,11.049004802087405,11.232160074540529,91.81794625358953,93.4454297938644,11.682603254147624,0.00900330931748301,0.8840636962374243,-184.50280319931144,179.5724763612412,0.4699244904900273,1936.2948903739043,2099.4986746038267,14.25,False,"SOC floor violated (min 0.009, unmet 180 Wh); did not refill (end SOC 0.884); FLAG 16x12E: shaft power table 35.5 W vs similarity 29.7 W (16%) at 2400 rpm, 11.05 m/s; FLAG 16x12E: shaft power table 36.0 W vs similarity 30.3 W (16%) at 2441 rpm, 11.23 m/s"
6.0,0.36,1.0,0.34,1.0,1.0,0.0,0.0,3.0,0.36,3.0,1.3,1.3,0.2990769230769231,0.5000000000000001,5.387439669115068,-0.15167452163029904,2,mixed,False,26+26+20+10+10+10,6,102,20,36,10,A40-12L-V4-kv410-direct,MJ-21x14EL,11.772368467692306,2.16,16.666666666666664,0.3013454368617281,8.362166311793231,10.034599574151878,10.200939425738742,89.26288392575829,91.32576147433556,19.305051915050957,0.008807209650539851,0.9999999999999923,-184.69223547757852,127.25033224579356,101.23649434686428,2146.7617262841127,2043.453709091125,13.75,False,"SOC floor violated (min 0.009, unmet 127 Wh); FLAG MJ-21x14EL: shaft power table 37.0 W vs similarity 28.3 W (24%) at 1593 rpm, 10.03 m/s; FLAG MJ-21x14EL: shaft power table 37.0 W vs similarity 29.7 W (20%) at 1629 rpm, 10.20 m/s"
6.0,0.36,0.8,0.34,1.0,1.0,2.0,0.35,1.557,0.36,3.0,1.56,1.56,0.3115384615384615,0.5,3.9643060094789693,-0.38174158345185005,2,mixed,False,26+26+24+12+8+8,6,104,24,34,12,A40-12L-V4-kv410-direct,16x12E,11.81883184979703,2.16,16.666666666666664,0.31441860465116284,9.084291860157787,10.901150232189345,11.081854574036663,93.43278697568091,95.07921959347928,11.349536940798677,0.008800735522639621,0.9999999999999949,-184.69848948513012,182.0097914675924,102.20632040216236,2188.855093466153,2139.1256190306176,13.833333333333332,False,"SOC floor violated (min 0.009, unmet 182 Wh); FLAG 16x12E: shaft power table 36.1 W vs similarity 30.4 W (16%) at 2399 rpm, 10.90 m/s; FLAG 16x12E: shaft power table 36.7 W vs similarity 31.0 W (15%) at 2441 rpm, 11.08 m/s"
6.0,0.36,1.0,0.34,1.0,1.0,3.5,0.7,2.295,0.36,3.0,1.3,1.3,0.2990769230769231,0.5000000000000001,4.083365720375515,-0.44429211007951563,2,mixed,False,26+26+20+10+10+10,6,102,20,36,10,A40-12L-V4-kv410-direct,16x12E,11.818888963643184,2.16,16.666666666666664,0.3013454368617281,9.01804138355587,10.821649660267044,11.001036150491394,91.27345680744288,92.8389488621051,11.285409212183433,0.008411228550017143,0.9999999999999549,-185.07475322068345,154.65991932575074,85.60303139344967,2146.7617262841127,2086.478799267703,13.833333333333332,False,"SOC floor violated (min 0.008, unmet 155 Wh); FLAG 16x12E: shaft power table 35.1 W vs similarity 29.6 W (16%) at 2379 rpm, 10.82 m/s; FLAG 16x12E: shaft power table 35.8 W vs similarity 30.2 W (16%) at 2420 rpm, 11.00 m/s"
6.0,0.36,0.9,0.34,1.0,1.0,2.0,0.35,1.557,0.36,3.0,1.56,1.56,0.2769230769230769,0.5,3.963790932680511,-0.31716691739079117,2,mixed,False,26+26+24+12+8,5,96,24,34,12,A40-12L-V4-kv410-direct,16x12E,11.629610588258569,2.16,16.666666666666664,0.3247161572052402,9.011278006194804,10.813533607433763,10.992785560847377,90.84963179126632,92.42907640378563,11.463366311574738,0.008385623992504712,0.9730213529996762,-185.09948722324046,158.31500377749092,0.11850041513163725,2020.4816247379865,2076.1856091156005,14.0,False,"SOC floor violated (min 0.008, unmet 158 Wh); FLAG 16x12E: shaft power table 35.0 W vs similarity 29.4 W (16%) at 2376 rpm, 10.81 m/s; FLAG 16x12E: shaft power table 35.6 W vs similarity 30.0 W (16%) at 2417 rpm, 10.99 m/s"
6.0,0.36,0.9,0.34,1.0,1.0,2.0,0.7,2.295,0.36,3.0,1.3,1.3,0.33230769230769225,0.5,4.210635381062249,-0.4907164378134843,2,mixed,False,26+26+20+10+10+10,6,102,20,36,10,A40-12L-V4-kv410-direct,16x12E,11.819672126720107,2.16,16.666666666666664,0.2911511354737667,8.949069224341107,10.738883069209328,10.916897568217573,91.95524084265573,93.54547496550141,11.202555246948558,0.008316079259530736,0.9999999999998797,-185.16666743529333,164.08619332595376,78.4206480296803,2146.7617262841127,2103.0931604726698,13.833333333333332,False,"SOC floor violated (min 0.008, unmet 164 Wh); FLAG 16x12E: shaft power table 35.4 W vs similarity 29.9 W (15%) at 2378 rpm, 10.74 m/s; FLAG 16x12E: shaft power table 36.1 W vs similarity 30.5 W (15%) at 2419 rpm, 10.92 m/s"
6.0,0.36,1.0,0.34,1.0,1.0,2.0,0.35,1.557,0.36,3.0,1.56,1.56,0.2492307692307692,0.5,3.963798129808878,-0.2649090526502227,2,mixed,False,26+26+24+12+8,5,96,24,34,12,A40-12L-V4-kv410-direct,16x12E,11.6322335790278,2.16,16.666666666666664,0.3334529147982063,9.012294169471792,10.81475300336615,10.994025170255838,90.20577389796102,91.75625837408515,11.465409716025365,0.008239170359847952,0.9796722032042023,-185.24096143238688,149.07848822581383,0.1745685842733439,2020.4816247379865,2060.44341831231,14.0,False,"SOC floor violated (min 0.008, unmet 149 Wh); FLAG 16x12E: shaft power table 34.7 W vs similarity 29.2 W (16%) at 2371 rpm, 10.81 m/s; FLAG 16x12E: shaft power table 35.3 W vs similarity 29.7 W (16%) at 2412 rpm, 10.99 m/s"
6.0,0.36,0.9,0.34,1.0,1.0,2.0,0.35,1.4725000000000001,0.36,3.0,1.3,1.3,0.33230769230769225,0.5,3.933723638064131,-0.5538308040225375,2,mixed,False,26+26+20+10+10,5,92,20,36,10,A40-12L-V4-kv410-direct,16x12E,11.631672126720108,2.16,16.666666666666664,0.2911511354737667,9.028916148853067,10.83469937862368,11.014302189210262,90.56209719272164,92.11446983928388,11.483334614867303,0.00815905803410516,0.8968649108699492,-185.31834993905443,160.94526478880314,0.1712230270737424,1936.294890373904,2068.755330316513,14.166666666666668,False,"SOC floor violated (min 0.008, unmet 161 Wh); did not refill (end SOC 0.897); FLAG 16x12E: shaft power table 34.8 W vs similarity 29.3 W (16%) at 2375 rpm, 10.83 m/s; FLAG 16x12E: shaft power table 35.5 W vs similarity 29.9 W (16%) at 2416 rpm, 11.01 m/s"
6.0,0.36,0.9,0.34,1.0,1.0,3.5,0.35,1.557,0.36,3.0,1.56,1.56,0.2769230769230769,0.5,3.673733368338149,-0.38183976009620646,2,mixed,False,26+26+24+12+8+8,6,104,24,34,12,A40-12L-V4-kv410-direct,16x12E,11.80161058825857,2.16,16.666666666666664,0.3247161572052402,9.24539438901333,11.094473266815994,11.278382253218433,93.5025792266597,95.22301104153911,11.54844776900161,0.007992021855508132,0.9999999999999936,-185.47970688757917,182.21370277845566,99.97579911842239,2188.855093466153,2141.552958224434,13.833333333333332,False,"SOC floor violated (min 0.008, unmet 182 Wh); FLAG 16x12E: shaft power table 36.1 W vs similarity 30.3 W (16%) at 2414 rpm, 11.09 m/s; FLAG 16x12E: shaft power table 36.7 W vs similarity 31.0 W (16%) at 2456 rpm, 11.28 m/s"
6.0,0.36,0.8,0.34,1.0,1.0,2.0,0.35,1.4725000000000001,0.36,3.0,1.3,1.3,0.3738461538461538,0.5,3.934292375427664,-0.6469782445703314,2,mixed,False,26+26+20+10+10+10,6,102,20,36,10,A40-12L-V4-kv410-direct,16x12E,11.841151080566261,2.16,16.666666666666664,0.27933884297520667,9.109855851060823,10.931827021272987,11.113039880924692,93.3653249045915,95.0087227894606,11.357477646600254,0.0079405627794896,0.9999999999966865,-185.52941635501307,183.2747854649773,63.37315491042659,2146.7617262841127,2137.3387263826176,13.916666666666668,False,"SOC floor violated (min 0.008, unmet 183 Wh); FLAG 16x12E: shaft power table 36.1 W vs similarity 30.4 W (16%) at 2401 rpm, 10.93 m/s; FLAG 16x12E: shaft power table 36.6 W vs similarity 31.0 W (15%) at 2443 rpm, 11.11 m/s"
6.0,0.36,1.0,0.34,1.0,1.0,3.5,0.35,1.4725000000000001,0.36,3.0,1.3,1.3,0.2990769230769231,0.5000000000000001,3.624863648968945,-0.5478652228540741,2,mixed,False,26+26+20+10+10+10,6,102,20,36,10,A40-12L-V4-kv410-direct,16x12E,11.818888963643184,2.16,16.666666666666664,0.3013454368617281,9.281307608625651,11.137569130350782,11.322192500968695,92.68223597828312,94.37096657835278,11.576539183804016,0.00781150872469148,0.9999999999987045,-185.65408257194807,173.6158471755801,69.64567512285805,2146.7617262841127,2121.4016970295024,13.916666666666668,False,"SOC floor violated (min 0.008, unmet 174 Wh); FLAG 16x12E: shaft power table 35.8 W vs similarity 30.0 W (16%) at 2412 rpm, 11.14 m/s; FLAG 16x12E: shaft power table 36.3 W vs similarity 30.6 W (16%) at 2454 rpm, 11.32 m/s"
6.0,0.36,1.0,0.34,1.0,1.0,3.5,0.35,1.557,0.36,3.0,1.56,1.56,0.2492307692307692,0.5,3.673740136891145,-0.3294668802406209,2,mixed,False,26+26+24+12+8+8,6,104,24,34,12,A40-12L-V4-kv410-direct,16x12E,11.8042335790278,2.16,16.666666666666664,0.3334529147982063,9.24642175882201,11.095706110586411,11.279635533384772,92.84058502509414,94.53077920523451,11.550526594061823,0.007603444961238206,0.9999999999999968,-185.8550721674439,172.59881731903383,106.54963215865733,2188.855093466153,2125.357681433699,13.833333333333332,False,"SOC floor violated (min 0.008, unmet 173 Wh); FLAG 16x12E: shaft power table 35.9 W vs similarity 30.0 W (16%) at 2410 rpm, 11.10 m/s; FLAG 16x12E: shaft power table 36.4 W vs similarity 30.7 W (16%) at 2452 rpm, 11.28 m/s"
6.0,0.36,1.0,0.34,1.0,1.0,2.0,0.0,0.65,0.36,3.0,1.3,1.3,0.2990769230769231,0.5000000000000001,3.701590929111143,-0.5311516763937474,2,mixed,False,26+26+20+10+10,5,92,20,36,10,A40-12L-V4-kv410-direct,16x12E,11.630888963643184,2.16,16.666666666666664,0.3013454368617281,9.161656898246504,10.993988277895804,11.176231561743782,90.60858057304814,92.16929075791799,11.637087464356705,0.0076003847871524335,0.8957602449291718,-185.85802829561075,161.07378887955994,0.16665461718756683,1936.294890373904,2069.952917237702,14.166666666666668,False,"SOC floor violated (min 0.008, unmet 161 Wh); did not refill (end SOC 0.896); FLAG 16x12E: shaft power table 34.9 W vs similarity 29.2 W (16%) at 2387 rpm, 10.99 m/s; FLAG 16x12E: shaft power table 35.5 W vs similarity 29.8 W (16%) at 2428 rpm, 11.18 m/s"
6.0,0.36,1.0,0.34,1.0,1.0,5.0,0.7,2.295,0.36,3.0,1.3,1.3,0.2990769230769231,0.5000000000000001,3.9594106683097015,-0.4728015208709846,2,mixed,False,26+26+20+10+10,5,92,20,36,10,A40-12L-V4-kv410-direct,16x12E,11.630888963643184,2.16,16.666666666666664,0.3013454368617281,9.014221759115456,10.817066110938546,10.996376621358282,90.6091603532044,92.15509786174319,11.466914629413065,0.007593416499043307,0.8958942647618557,-185.86475966192418,161.07415221862883,0.16783735853546725,1936.294890373904,2069.8215673108843,14.166666666666668,False,"SOC floor violated (min 0.008, unmet 161 Wh); did not refill (end SOC 0.896); FLAG 16x12E: shaft power table 34.9 W vs similarity 29.3 W (16%) at 2374 rpm, 10.82 m/s; FLAG 16x12E: shaft power table 35.5 W vs similarity 29.9 W (16%) at 2415 rpm, 11.00 m/s"
6.0,0.36,0.9,0.34,1.0,1.0,0.0,0.0,3.0,0.36,3.0,1.3,1.3,0.33230769230769225,0.5,5.38744066633371,-0.2260070563873391,2,mixed,False,26+26+20+10+10+10,6,102,20,36,10,A40-12L-V4-kv410-direct,MJ-21x14EL,11.773151630769231,2.16,16.666666666666664,0.2911511354737667,8.362444455949277,10.034933347139132,10.201278731557553,90.01808178250583,92.10148254612945,19.30090351491585,0.007475983891082743,0.9999999999999781,-185.97819956121407,136.4570126066592,92.09600626130225,2146.7617262841127,2061.788820607276,13.75,False,"SOC floor violated (min 0.007, unmet 136 Wh); FLAG MJ-21x14EL: shaft power table 37.3 W vs similarity 28.6 W (23%) at 1596 rpm, 10.03 m/s; FLAG MJ-21x14EL: shaft power table 37.3 W vs similarity 30.1 W (19%) at 1633 rpm, 10.20 m/s"
6.0,0.36,0.9,0.34,1.0,1.0,5.0,0.7,2.3339999999999996,0.36,3.0,1.56,1.56,0.2769230769230769,0.5,3.9806192013543935,-0.31340484707444594,2,mixed,False,26+26+24+12+8,5,96,24,34,12,A40-12L-V4-kv410-direct,16x12E,11.629610588258569,2.16,16.666666666666664,0.3247161572052402,9.001897864912635,10.802277437895162,10.981342801942985,91.60721383156147,93.20856953925208,11.448532764274457,0.007296661082078697,0.9636176822278414,-186.151425394712,167.8375366531983,0.474783264484986,2020.4816247379865,2094.453242725403,14.083333333333334,False,"SOC floor violated (min 0.007, unmet 168 Wh); FLAG 16x12E: shaft power table 35.3 W vs similarity 29.7 W (16%) at 2380 rpm, 10.80 m/s; FLAG 16x12E: shaft power table 35.9 W vs similarity 30.3 W (16%) at 2421 rpm, 10.98 m/s"
6.0,0.36,0.9,0.34,1.0,1.0,3.5,0.7,2.295,0.36,3.0,1.3,1.3,0.33230769230769225,0.5,4.083367845517216,-0.5194285683273174,2,mixed,False,26+26+20+10+10+10,6,102,20,36,10,A40-12L-V4-kv410-direct,16x12E,11.819672126720107,2.16,16.666666666666664,0.2911511354737667,9.018340162910889,10.822008195493066,11.00140062902346,92.0466129066746,93.64348514456186,11.280956992548663,0.007241547999721038,0.999999999999852,-186.20466463226947,164.19733265310043,76.39072184154304,2146.7617262841127,2105.220504825564,13.916666666666668,False,"SOC floor violated (min 0.007, unmet 164 Wh); FLAG 16x12E: shaft power table 35.5 W vs similarity 29.9 W (16%) at 2384 rpm, 10.82 m/s; FLAG 16x12E: shaft power table 36.1 W vs similarity 30.5 W (16%) at 2425 rpm, 11.00 m/s"
6.0,0.36,0.9,0.34,1.0,1.0,2.0,0.7,2.3339999999999996,0.36,3.0,1.56,1.56,0.2769230769230769,0.5,4.21958301516182,-0.259416451938685,2,mixed,False,26+26+24+12+8+8,6,104,24,34,12,A40-12L-V4-kv410-direct,16x12E,11.80161058825857,2.16,16.666666666666664,0.3247161572052402,8.93739121596946,10.724869459163353,10.902651659732777,92.19319277022946,93.80349112314362,11.205056574692572,0.007158116023058552,0.9999999999999983,-186.28525992172544,163.13162754794664,113.41903102480488,2188.855093466153,2109.0079930734705,13.833333333333332,False,"SOC floor violated (min 0.007, unmet 163 Wh); FLAG 16x12E: shaft power table 35.5 W vs similarity 30.0 W (15%) at 2378 rpm, 10.72 m/s; FLAG 16x12E: shaft power table 36.2 W vs similarity 30.6 W (15%) at 2419 rpm, 10.90 m/s"
6.0,0.36,0.9,0.34,1.0,1.0,2.0,0.0,0.78,0.36,3.0,1.56,1.56,0.2769230769230769,0.5,3.7344544352310005,-0.3687535522677152,2,mixed,False,26+26+24+12+8,5,96,24,34,12,A40-12L-V4-kv410-direct,16x12E,11.629610588258569,2.16,16.666666666666664,0.3247161572052402,9.14196319124826,10.970355829497912,11.152207366975729,91.62249948233382,93.22921186290542,11.610199656123108,0.007115581405926096,0.9632293221323959,-186.3263483618754,167.8795721928223,0.47134287720943036,2020.4816247379865,2094.873218683343,14.083333333333334,False,"SOC floor violated (min 0.007, unmet 168 Wh); FLAG 16x12E: shaft power table 35.4 W vs similarity 29.6 W (16%) at 2392 rpm, 10.97 m/s; FLAG 16x12E: shaft power table 35.9 W vs similarity 30.2 W (16%) at 2434 rpm, 11.15 m/s"
6.0,0.36,1.0,0.34,1.0,1.0,2.0,0.0,0.78,0.36,3.0,1.56,1.56,0.2492307692307692,0.5,3.7344613816327783,-0.31639096472257355,2,mixed,False,26+26+24+12+8,5,96,24,34,12,A40-12L-V4-kv410-direct,16x12E,11.6322335790278,2.16,16.666666666666664,0.3334529147982063,9.14299409133459,10.971592909601506,11.153464953699375,90.96393909332052,92.54096206542168,11.61230303081406,0.007021656767530589,0.9705232292343223,-186.41707956256548,158.6196214462674,0.10917660999529961,2020.4816247379865,2078.9047679607165,14.0,False,"SOC floor violated (min 0.007, unmet 159 Wh); FLAG 16x12E: shaft power table 35.1 W vs similarity 29.4 W (16%) at 2388 rpm, 10.97 m/s; FLAG 16x12E: shaft power table 35.6 W vs similarity 29.9 W (16%) at 2429 rpm, 11.15 m/s"
6.0,0.36,1.0,0.34,1.0,1.0,5.0,0.7,2.3339999999999996,0.36,3.0,1.56,1.56,0.2492307692307692,0.5,3.980626403531664,-0.26115396809275637,2,mixed,False,26+26+24+12+8,5,96,24,34,12,A40-12L-V4-kv410-direct,16x12E,11.6322335790278,2.16,16.666666666666664,0.3334529147982063,9.002912970431211,10.803495564517453,10.982581121000466,90.9737136909956,92.54657148215078,11.45051004758124,0.006905019950337371,0.9703495994929757,-186.52975072797412,158.64533994165546,0.10870915860120789,2020.4816247379865,2079.0977064954627,14.0,False,"SOC floor violated (min 0.007, unmet 159 Wh); FLAG 16x12E: shaft power table 35.0 W vs similarity 29.5 W (16%) at 2376 rpm, 10.80 m/s; FLAG 16x12E: shaft power table 35.7 W vs similarity 30.1 W (16%) at 2417 rpm, 10.98 m/s"
6.0,0.36,1.0,0.34,1.0,1.0,2.0,0.35,1.4725000000000001,0.36,3.0,1.3,1.3,0.2990769230769231,0.5000000000000001,3.934232413405018,-0.4778117263858923,2,mixed,False,26+26+20+10+10+10,6,102,20,36,10,A40-12L-V4-kv410-direct,16x12E,11.818888963643184,2.16,16.666666666666664,0.3013454368617281,9.101288268151853,10.921545921782224,11.10258835544425,91.41848586487296,92.98379102302695,11.379308185889329,0.0066931873318438265,0.9999999999999242,-186.73438103743888,155.0345621494028,82.47966610597246,2146.7617262841127,2089.9575965315194,13.833333333333332,False,"SOC floor violated (min 0.007, unmet 155 Wh); FLAG 16x12E: shaft power table 35.3 W vs similarity 29.6 W (16%) at 2387 rpm, 10.92 m/s; FLAG 16x12E: shaft power table 35.8 W vs similarity 30.2 W (16%) at 2428 rpm, 11.10 m/s"
6.0,0.36,1.0,0.34,1.0,1.0,2.0,0.7,2.3339999999999996,0.36,3.0,1.56,1.56,0.2492307692307692,0.5,4.2195901705862005,-0.20728222777179406,2,mixed,False,26+26+24+12+8+8,6,104,24,34,12,A40-12L-V4-kv410-direct,16x12E,11.8042335790278,2.16,16.666666666666664,0.3334529147982063,8.938384359746493,10.726061231695791,10.903863187838393,91.54633210516147,93.12822613335857,11.207089180397205,0.006682063676041686,0.9999999999999988,-186.74512648894375,153.8317098210908,119.79282182280156,2188.855093466153,2093.3263843128952,13.75,False,"SOC floor violated (min 0.007, unmet 154 Wh); FLAG 16x12E: shaft power table 35.2 W vs similarity 29.8 W (15%) at 2374 rpm, 10.73 m/s; FLAG 16x12E: shaft power table 35.9 W vs similarity 30.4 W (15%) at 2415 rpm, 10.90 m/s"
6.0,0.36,0.9,0.34,1.0,1.0,3.5,0.7,2.3339999999999996,0.36,3.0,1.56,1.56,0.2769230769230769,0.5,4.098614114018427,-0.2864790581391088,2,mixed,False,26+26+24+12+8+8,6,104,24,34,12,A40-12L-V4-kv410-direct,16x12E,11.80161058825857,2.16,16.666666666666664,0.3247161572052402,9.00304417123822,10.803653005485863,10.98274117180967,92.24024144790798,93.86145601154733,11.279703266326134,0.006604811888365911,0.9999999999999984,-186.81975171583852,163.25543739307108,112.29479132336672,2188.855093466153,2110.248142813464,13.833333333333332,False,"SOC floor violated (min 0.007, unmet 163 Wh); FLAG 16x12E: shaft power table 35.5 W vs similarity 30.0 W (16%) at 2384 rpm, 10.80 m/s; FLAG 16x12E: shaft power table 36.2 W vs similarity 30.6 W (15%) at 2426 rpm, 10.98 m/s"
6.0,0.36,0.9,0.34,1.0,1.0,3.5,0.35,1.4725000000000001,0.36,3.0,1.3,1.3,0.33230769230769225,0.5,3.624865649949962,-0.6232956845045594,2,mixed,False,26+26+20+10+10+10,6,102,20,36,10,A40-12L-V4-kv410-direct,16x12E,11.819672126720107,2.16,16.666666666666664,0.2911511354737667,9.281615110330634,11.13793813239676,11.322567619825326,93.48683883702117,95.20961737620468,11.571905861304097,0.006515116863170354,0.9999999999950735,-186.90639711017744,183.6190749401948,59.98679126288424,2146.7617262841127,2141.0554823586017,13.916666666666668,False,"SOC floor violated (min 0.007, unmet 184 Wh); FLAG 16x12E: shaft power table 36.1 W vs similarity 30.3 W (16%) at 2417 rpm, 11.14 m/s; FLAG 16x12E: shaft power table 36.7 W vs similarity 30.9 W (16%) at 2459 rpm, 11.32 m/s"
6.0,0.36,1.0,0.34,1.0,1.0,0.0,0.0,3.0,0.36,3.0,1.56,1.56,0.2492307692307692,0.5,5.387420995847674,0.05271389420490902,2,mixed,False,26+26+24+12+8+8,6,104,24,34,12,A40-12L-V4-kv410-direct,MJ-21x14EL,11.757713083076922,2.16,16.666666666666664,0.3334529147982063,8.356959673537807,10.028351608245368,10.194587889608636,89.59161964158544,91.66160226766428,19.317190548263735,0.006436933954671981,0.9999999999999996,-186.98192179978687,126.5470237517544,134.42965451671952,2188.855093466153,2051.416193315368,13.75,False,"SOC floor violated (min 0.006, unmet 127 Wh); FLAG MJ-21x14EL: shaft power table 37.2 W vs similarity 28.4 W (23%) at 1594 rpm, 10.03 m/s; FLAG MJ-21x14EL: shaft power table 37.1 W vs similarity 29.9 W (20%) at 1630 rpm, 10.19 m/s"
6.0,0.36,0.9,0.34,1.0,1.0,5.0,0.7,2.295,0.36,3.0,1.3,1.3,0.33230769230769225,0.5,3.9594128167432805,-0.5480379942443618,2,mixed,False,26+26+20+10+10,5,92,20,36,10,A40-12L-V4-kv410-direct,16x12E,11.631672126720108,2.16,16.666666666666664,0.2911511354737667,9.014525239220708,10.81743028706485,10.996746834297747,91.36939299098573,92.94595513829302,11.462441529003064,0.006386281340819941,0.8868268684003744,-187.03085222476793,170.78146010834024,0.10193258548964815,1936.294890373904,2088.3682928988496,14.166666666666668,False,"SOC floor violated (min 0.006, unmet 171 Wh); did not refill (end SOC 0.887); FLAG 16x12E: shaft power table 35.2 W vs similarity 29.6 W (16%) at 2379 rpm, 10.82 m/s; FLAG 16x12E: shaft power table 35.8 W vs similarity 30.2 W (16%) at 2420 rpm, 11.00 m/s"
6.0,0.36,0.9,0.34,1.0,1.0,0.0,0.0,3.0,0.36,3.0,1.56,1.56,0.2769230769230769,0.5,5.387417651288935,0.0010861439646456805,2,mixed,False,26+26+24+12+8+8,6,104,24,34,12,A40-12L-V4-kv410-direct,MJ-21x14EL,11.755090092307691,2.16,16.666666666666664,0.3247161572052402,8.356027457783243,10.027232949339892,10.193450687107578,90.24980265976264,92.35136685772737,19.316588876505367,0.006329439440836478,0.9999999999999996,-187.085761500152,135.54875243096663,127.31611779028442,2188.855093466153,2067.536296863451,13.75,False,"SOC floor violated (min 0.006, unmet 136 Wh); FLAG MJ-21x14EL: shaft power table 37.4 W vs similarity 28.7 W (23%) at 1597 rpm, 10.03 m/s; FLAG MJ-21x14EL: shaft power table 37.4 W vs similarity 30.2 W (19%) at 1634 rpm, 10.19 m/s"
6.0,0.36,1.0,0.34,1.0,1.0,3.5,0.7,2.3339999999999996,0.36,3.0,1.56,1.56,0.2492307692307692,0.5,4.098621245986661,-0.23429420805749568,2,mixed,False,26+26+24+12+8+8,6,104,24,34,12,A40-12L-V4-kv410-direct,16x12E,11.8042335790278,2.16,16.666666666666664,0.3334529147982063,9.004044610524913,10.804853532629895,10.983961599648842,91.59485931584118,93.18685648344919,11.281726281352368,0.006106309831862555,0.9999999999999989,-187.3013047024208,153.95302784779017,118.63994574965972,2188.855093466153,2094.594594548171,13.75,False,"SOC floor violated (min 0.006, unmet 154 Wh); FLAG 16x12E: shaft power table 35.3 W vs similarity 29.7 W (16%) at 2380 rpm, 10.80 m/s; FLAG 16x12E: shaft power table 35.9 W vs similarity 30.3 W (16%) at 2421 rpm, 10.98 m/s"
6.0,0.36,0.8,0.34,1.0,1.0,3.5,0.35,1.557,0.36,3.0,1.56,1.56,0.3115384615384615,0.5,3.6733312793165043,-0.44792021858854825,2,mixed,False,26+26+24+12+8,5,96,24,34,12,A40-12L-V4-kv410-direct,16x12E,11.64683184979703,2.16,16.666666666666664,0.31441860465116284,9.184567378592936,11.021480854311523,11.204179872446346,93.0662518264403,94.72993878793974,11.634437573120282,0.006092131810941957,0.9471686988807777,-187.36093311018837,187.36093311018837,0.2944598399182479,2020.4816247379865,2130.0882728694423,14.083333333333334,False,"SOC floor violated (min 0.006, unmet 187 Wh); did not refill (end SOC 0.947); FLAG 16x12E: shaft power table 36.0 W vs similarity 30.2 W (16%) at 2406 rpm, 11.02 m/s; FLAG 16x12E: shaft power table 36.5 W vs similarity 30.8 W (16%) at 2448 rpm, 11.20 m/s"
6.0,0.36,0.8,0.34,1.0,1.0,2.0,0.7,2.3339999999999996,0.36,3.0,1.56,1.56,0.3115384615384615,0.5,4.219157943866574,-0.32514291100022663,2,mixed,False,26+26+24+12+8,5,96,24,34,12,A40-12L-V4-kv410-direct,16x12E,11.64683184979703,2.16,16.666666666666664,0.31441860465116284,8.878590610419208,10.654308732503049,10.83092127396313,91.71398527482852,93.28399470775479,11.288451933500992,0.0060317909591082255,0.9615937758072833,-187.37328993350147,168.1311581221826,0.4622124030678686,2020.4816247379865,2096.704906805745,14.083333333333334,False,"SOC floor violated (min 0.006, unmet 168 Wh); FLAG 16x12E: shaft power table 35.2 W vs similarity 29.9 W (15%) at 2370 rpm, 10.65 m/s; FLAG 16x12E: shaft power table 35.9 W vs similarity 30.5 W (15%) at 2411 rpm, 10.83 m/s"
6.0,0.36,0.9,0.34,1.0,1.0,2.0,0.0,0.65,0.36,3.0,1.3,1.3,0.33230769230769225,0.5,3.70159299060471,-0.6065574847406319,2,mixed,False,26+26+20+10+10,5,92,20,36,10,A40-12L-V4-kv410-direct,16x12E,11.631672126720108,2.16,16.666666666666664,0.2911511354737667,9.161965342022803,10.994358410427363,11.176607829825633,91.40119219159206,92.99485853524699,11.632414835459716,0.006006821135817001,0.8859606056362022,-187.3974107828008,170.8729831930872,0.09785730241015025,1936.294890373904,2089.299664977471,14.166666666666668,False,"SOC floor violated (min 0.006, unmet 171 Wh); did not refill (end SOC 0.886); FLAG 16x12E: shaft power table 35.3 W vs similarity 29.5 W (16%) at 2393 rpm, 10.99 m/s; FLAG 16x12E: shaft power table 35.8 W vs similarity 30.1 W (16%) at 2434 rpm, 11.18 m/s"
6.0,0.36,0.8,0.34,1.0,1.0,2.0,0.7,2.295,0.36,3.0,1.3,1.3,0.3738461538461538,0.5,4.210178389052336,-0.5852363547563004,2,mixed,False,26+26+20+10+10,5,92,20,36,10,A40-12L-V4-kv410-direct,16x12E,11.65315108056626,2.16,16.666666666666664,0.27933884297520667,8.885806286821092,10.66296754418531,10.839723619569142,91.42937541334368,92.99335757734563,11.292168817053993,0.005670507874690391,0.8856383827991341,-187.7222893930491,170.95036197307908,0.0979823822352633,1936.294890373904,2089.6841678662636,14.166666666666668,False,"SOC floor violated (min 0.006, unmet 171 Wh); did not refill (end SOC 0.886); FLAG 16x12E: shaft power table 35.1 W vs similarity 29.8 W (15%) at 2369 rpm, 10.66 m/s; FLAG 16x12E: shaft power table 35.8 W vs similarity 30.3 W (15%) at 2409 rpm, 10.84 m/s"
6.0,0.36,0.8,0.34,1.0,1.0,3.5,0.7,2.3339999999999996,0.36,3.0,1.56,1.56,0.3115384615384615,0.5,4.09819043614651,-0.35228401217611527,2,mixed,False,26+26+24+12+8,5,96,24,34,12,A40-12L-V4-kv410-direct,16x12E,11.64683184979703,2.16,16.666666666666664,0.31441860465116284,8.943811623812236,10.732573948574682,10.910483863619982,91.76713178777753,93.35849215168282,11.363663315746663,0.00540217634751586,0.9602161546145215,-187.9814976482997,168.27731103279245,0.44979616241319553,2020.4816247379865,2098.1921531820576,14.083333333333334,False,"SOC floor violated (min 0.005, unmet 168 Wh); FLAG 16x12E: shaft power table 35.3 W vs similarity 29.9 W (15%) at 2376 rpm, 10.73 m/s; FLAG 16x12E: shaft power table 36.0 W vs similarity 30.4 W (15%) at 2417 rpm, 10.91 m/s"
6.0,0.36,0.9,0.34,1.0,1.0,2.0,0.35,1.4725000000000001,0.36,3.0,1.3,1.3,0.33230769230769225,0.5,3.9342345247360426,-0.5530367370769838,2,mixed,False,26+26+20+10+10+10,6,102,20,36,10,A40-12L-V4-kv410-direct,16x12E,11.819672126720107,2.16,16.666666666666664,0.2911511354737667,9.101589805583647,10.921907766700375,11.102956198531992,92.2087610651778,93.80649036880521,11.37475507980752,0.005334632984437714,0.9999999999997154,-188.0467445370332,164.62972774244224,72.90318000384788,2146.7617262841127,2109.120702709179,13.916666666666668,False,"SOC floor violated (min 0.005, unmet 165 Wh); FLAG 16x12E: shaft power table 35.6 W vs similarity 29.9 W (16%) at 2393 rpm, 10.92 m/s; FLAG 16x12E: shaft power table 36.2 W vs similarity 30.5 W (16%) at 2434 rpm, 11.10 m/s"
6.0,0.36,0.9,0.34,1.0,1.0,2.0,0.35,1.557,0.36,3.0,1.56,1.56,0.2769230769230769,0.5,3.9642594740589763,-0.3165190396284008,2,mixed,False,26+26+24+12+8+8,6,104,24,34,12,A40-12L-V4-kv410-direct,16x12E,11.80161058825857,2.16,16.666666666666664,0.3247161572052402,9.0776710706432,10.89320528477184,11.073777926159712,92.35350919912945,93.97449610146265,11.364104583453177,0.005272727776930544,0.9999999999999977,-188.1065449674851,163.5574657578862,109.86579779791612,2188.855093466153,2112.96425428617,13.833333333333332,False,"SOC floor violated (min 0.005, unmet 164 Wh); FLAG 16x12E: shaft power table 35.7 W vs similarity 30.0 W (16%) at 2392 rpm, 10.89 m/s; FLAG 16x12E: shaft power table 36.2 W vs similarity 30.6 W (16%) at 2433 rpm, 11.07 m/s"
6.0,0.36,1.0,0.34,1.0,1.0,3.5,0.0,0.78,0.36,3.0,1.56,1.56,0.2492307692307692,0.5,3.3060336778014747,-0.4133981624790064,2,mixed,False,26+26+24+12+8,5,96,24,34,12,A40-12L-V4-kv410-direct,16x12E,11.6322335790278,2.16,16.666666666666664,0.3334529147982063,9.402292839725805,11.282751407670965,11.469781411287437,93.13891270280033,94.86651606499366,11.898139542108545,0.005232040929875585,0.9449380025044212,-188.1458484617402,187.5728606662385,0.28307840016375485,2020.4816247379865,2132.465971542283,14.083333333333334,False,"SOC floor violated (min 0.005, unmet 188 Wh); did not refill (end SOC 0.945); FLAG 16x12E: shaft power table 36.0 W vs similarity 30.0 W (16%) at 2426 rpm, 11.28 m/s; FLAG 16x12E: shaft power table 36.6 W vs similarity 30.7 W (16%) at 2468 rpm, 11.47 m/s"
6.0,0.36,1.0,0.34,1.0,1.0,2.0,0.0,0.65,0.36,3.0,1.3,1.3,0.2990769230769231,0.5000000000000001,3.702081854764065,-0.5303601564544613,2,mixed,False,26+26+20+10+10+10,6,102,20,36,10,A40-12L-V4-kv410-direct,16x12E,11.818888963643184,2.16,16.666666666666664,0.3013454368617281,9.235403929535705,11.082484715442845,11.26619497205628,92.23548702276375,93.88896702863656,11.526945287100677,0.0050203194685234966,0.9999999999996677,-188.3503713934063,164.70099696267144,71.7701696088945,2146.7617262841127,2110.324278605534,13.916666666666668,False,"SOC floor violated (min 0.005, unmet 165 Wh); FLAG 16x12E: shaft power table 35.6 W vs similarity 29.8 W (16%) at 2405 rpm, 11.08 m/s; FLAG 16x12E: shaft power table 36.1 W vs similarity 30.4 W (16%) at 2447 rpm, 11.27 m/s"
6.0,0.36,1.0,0.34,1.0,1.0,2.0,0.35,1.557,0.36,3.0,1.56,1.56,0.2492307692307692,0.5,3.9642665663060184,-0.264278291076391,2,mixed,False,26+26+24+12+8+8,6,104,24,34,12,A40-12L-V4-kv410-direct,16x12E,11.8042335790278,2.16,16.666666666666664,0.3334529147982063,9.07867980264518,10.894415763174216,11.07500847021556,91.69644791602562,93.2874319027982,11.366184746149887,0.004902899454118722,0.999999999999999,-188.46379912732132,154.20699934825114,116.45119028990693,2188.855093466153,2097.022335849019,13.75,False,"SOC floor violated (min 0.005, unmet 154 Wh); FLAG 16x12E: shaft power table 35.4 W vs similarity 29.7 W (16%) at 2387 rpm, 10.89 m/s; FLAG 16x12E: shaft power table 35.9 W vs similarity 30.3 W (16%) at 2428 rpm, 11.08 m/s"
6.0,0.36,1.0,0.34,1.0,1.0,5.0,0.7,2.295,0.36,3.0,1.3,1.3,0.2990769230769231,0.5000000000000001,3.959922297923457,-0.4720383888193058,2,mixed,False,26+26+20+10+10+10,6,102,20,36,10,A40-12L-V4-kv410-direct,16x12E,11.818888963643184,2.16,16.666666666666664,0.3013454368617281,9.086782006841444,10.904138408209732,11.084892283947475,92.25995684937261,93.8507781381476,11.35846421919048,0.004732537539192328,0.9999999999996697,-188.62836873714022,164.76624983362842,71.87367271310285,2146.7617262841127,2110.2797457134225,13.916666666666668,False,"SOC floor violated (min 0.005, unmet 165 Wh); FLAG 16x12E: shaft power table 35.6 W vs similarity 29.9 W (16%) at 2392 rpm, 10.90 m/s; FLAG 16x12E: shaft power table 36.2 W vs similarity 30.5 W (16%) at 2433 rpm, 11.08 m/s"
6.0,0.36,0.8,0.34,1.0,1.0,3.5,0.7,2.295,0.36,3.0,1.3,1.3,0.3738461538461538,0.5,4.082912786405773,-0.6140635106576522,2,mixed,False,26+26+20+10+10,5,92,20,36,10,A40-12L-V4-kv410-direct,16x12E,11.65315108056626,2.16,16.666666666666664,0.27933884297520667,8.954587533899073,10.745505040678887,10.923629309662838,91.51951296073956,93.10682628417503,11.37125687297248,0.004594864428132622,0.8834327557037757,-188.7613609624239,171.20769595398687,0.08852665666614712,1936.294890373904,2092.0768920715236,14.166666666666668,False,"SOC floor violated (min 0.005, unmet 171 Wh); did not refill (end SOC 0.883); FLAG 16x12E: shaft power table 35.2 W vs similarity 29.7 W (15%) at 2375 rpm, 10.75 m/s; FLAG 16x12E: shaft power table 35.9 W vs similarity 30.3 W (15%) at 2416 rpm, 10.92 m/s"
6.0,0.36,1.0,0.34,1.0,1.0,0.0,0.0,3.0,0.36,3.0,1.3,1.3,0.2990769230769231,0.5000000000000001,5.387198344550584,-0.1521224593107735,2,mixed,False,26+26+20+10+10,5,92,20,36,10,A40-12L-V4-kv410-direct,MJ-21x14EL,11.584368467692308,2.16,16.666666666666664,0.3013454368617281,8.29512736830023,9.954152841960276,10.119159157774785,87.07278334702657,89.27561625229372,19.49105121145894,0.004544521413337602,0.9216618179729928,-188.80999231471588,108.29893464831451,0.4632111100463684,1936.294890373904,1991.7751293813192,14.0,False,"SOC floor violated (min 0.005, unmet 108 Wh); did not refill (end SOC 0.922); FLAG MJ-21x14EL: shaft power table 36.4 W vs similarity 27.4 W (25%) at 1578 rpm, 9.95 m/s; FLAG MJ-21x14EL: shaft power table 36.5 W vs similarity 28.7 W (22%) at 1612 rpm, 10.12 m/s"
6.0,0.36,1.0,0.34,1.0,1.0,2.0,0.7,2.295,0.36,3.0,1.3,1.3,0.2990769230769231,0.5000000000000001,4.21011679968082,-0.4163807420790211,2,mixed,False,26+26+20+10+10,5,92,20,36,10,A40-12L-V4-kv410-direct,16x12E,11.630888963643184,2.16,16.666666666666664,0.3013454368617281,8.877314531047846,10.652777437257415,10.829364595001683,89.5702754071939,91.05903809821145,11.31381281901283,0.004403122778275658,0.9036499756231993,-188.94658339618573,143.3468163587054,0.2591756721631123,1936.294890373904,2044.4501731252315,14.083333333333334,False,"SOC floor violated (min 0.004, unmet 143 Wh); did not refill (end SOC 0.904); FLAG 16x12E: shaft power table 34.3 W vs similarity 29.0 W (15%) at 2355 rpm, 10.65 m/s; FLAG 16x12E: shaft power table 35.0 W vs similarity 29.5 W (15%) at 2395 rpm, 10.83 m/s"
6.0,0.36,0.8,0.34,1.0,1.0,0.0,0.0,3.0,0.36,3.0,1.56,1.56,0.3115384615384615,0.5,5.387218960929261,-0.06379499828042867,2,mixed,False,26+26+24+12+8,5,96,24,34,12,A40-12L-V4-kv410-direct,MJ-21x14EL,11.600311353846154,2.16,16.666666666666664,0.31441860465116284,8.300833454114661,9.961000144937593,10.126119965965001,89.22116328777045,91.4733675665963,19.46598299145923,0.00439134885106615,0.9786716806894515,-188.9579570098701,131.72319358508494,0.19814281823074845,2020.4816247379865,2044.017645384666,13.916666666666668,False,"SOC floor violated (min 0.004, unmet 132 Wh); FLAG MJ-21x14EL: shaft power table 37.1 W vs similarity 28.3 W (24%) at 1588 rpm, 9.96 m/s; FLAG MJ-21x14EL: shaft power table 37.2 W vs similarity 29.7 W (20%) at 1624 rpm, 10.13 m/s"
6.0,0.36,0.9,0.34,1.0,1.0,2.0,0.0,0.78,0.36,3.0,1.56,1.56,0.2769230769230769,0.5,3.7349066540186677,-0.36808374539513045,2,mixed,False,26+26+24+12+8+8,6,104,24,34,12,A40-12L-V4-kv410-direct,16x12E,11.80161058825857,2.16,16.666666666666664,0.3247161572052402,9.20931911467268,11.051182937607214,11.23437431620851,93.12326979961425,94.8159910723132,11.509533848292685,0.004303300707867936,0.999999999999993,-189.04301151619958,173.3764110400107,100.47463355262298,2188.855093466153,2132.167808129847,13.833333333333332,False,"SOC floor violated (min 0.004, unmet 173 Wh); FLAG 16x12E: shaft power table 36.0 W vs similarity 30.2 W (16%) at 2408 rpm, 11.05 m/s; FLAG 16x12E: shaft power table 36.5 W vs similarity 30.8 W (16%) at 2450 rpm, 11.23 m/s"
6.0,0.36,0.9,0.34,1.0,1.0,5.0,0.7,2.3339999999999996,0.36,3.0,1.56,1.56,0.2769230769230769,0.5,3.981088071422186,-0.31275914779478287,2,mixed,False,26+26+24+12+8+8,6,104,24,34,12,A40-12L-V4-kv410-direct,16x12E,11.80161058825857,2.16,16.666666666666664,0.3247161572052402,9.068221818595138,10.881866182314164,11.062250859587873,93.13107286917044,94.77479460236398,11.34933681990806,0.004212201975085426,0.9999999999999936,-189.13101289206747,173.39378618633143,100.7992271443699,2188.855093466153,2131.8569198142263,13.833333333333332,False,"SOC floor violated (min 0.004, unmet 173 Wh); FLAG 16x12E: shaft power table 36.0 W vs similarity 30.3 W (16%) at 2396 rpm, 10.88 m/s; FLAG 16x12E: shaft power table 36.6 W vs similarity 30.9 W (15%) at 2438 rpm, 11.06 m/s"
6.0,0.36,1.0,0.34,1.0,1.0,2.0,0.0,0.78,0.36,3.0,1.56,1.56,0.2492307692307692,0.5,3.7349134991928765,-0.315738853380525,2,mixed,False,26+26+24+12+8+8,6,104,24,34,12,A40-12L-V4-kv410-direct,16x12E,11.8042335790278,2.16,16.666666666666664,0.3334529147982063,9.210342475712654,11.052410970855185,11.23562270611015,92.45099235335832,94.1131063728175,11.511674254254691,0.004126247311833068,0.9999999999999968,-189.21404509676927,163.8208480955904,107.36054910280109,2188.855093466153,2115.721975678434,13.833333333333332,False,"SOC floor violated (min 0.004, unmet 164 Wh); FLAG 16x12E: shaft power table 35.7 W vs similarity 29.9 W (16%) at 2404 rpm, 11.05 m/s; FLAG 16x12E: shaft power table 36.2 W vs similarity 30.5 W (16%) at 2446 rpm, 11.24 m/s"
6.0,0.36,0.8,0.34,1.0,1.0,5.0,0.7,2.295,0.36,3.0,1.3,1.3,0.3738461538461538,0.5,3.9594716831541272,-0.6419928709453671,2,mixed,False,26+26+20+10+10,5,92,20,36,10,A40-12L-V4-kv410-direct,16x12E,11.65315108056626,2.16,16.666666666666664,0.27933884297520667,9.02284447597387,10.827413371168642,11.006895404300199,92.48796940025754,94.10754766889347,11.44499528805591,0.00909393905747632,0.8776328345891309,-189.2340413223777,189.2340413223777,0.359571511318516,1936.2948903739043,2115.502153725382,14.25,False,"SOC floor violated (min 0.009, unmet 189 Wh); did not refill (end SOC 0.878); FLAG 16x12E: shaft power table 35.7 W vs similarity 30.1 W (16%) at 2388 rpm, 10.83 m/s; FLAG 16x12E: shaft power table 36.3 W vs similarity 30.7 W (15%) at 2429 rpm, 11.01 m/s"
6.0,0.36,0.8,0.34,1.0,1.0,2.0,0.0,0.65,0.36,3.0,1.3,1.3,0.3738461538461538,0.5,3.7016494748863167,-0.7007206556341965,2,mixed,False,26+26+20+10+10,5,92,20,36,10,A40-12L-V4-kv410-direct,16x12E,11.65315108056626,2.16,16.666666666666664,0.27933884297520667,9.170420646853822,11.004504776224586,11.18692238818185,92.55704930051589,94.20193261935047,11.614538277184367,0.008278726502313458,0.8758860046432955,-189.4412810231528,189.4412810231528,0.3465728908408228,1936.2948903739043,2117.4067955710107,14.25,False,"SOC floor violated (min 0.008, unmet 189 Wh); did not refill (end SOC 0.876); FLAG 16x12E: shaft power table 35.8 W vs similarity 30.0 W (16%) at 2401 rpm, 11.00 m/s; FLAG 16x12E: shaft power table 36.3 W vs similarity 30.6 W (16%) at 2443 rpm, 11.19 m/s"
6.0,0.36,0.8,0.34,1.0,1.0,2.0,0.35,1.557,0.36,3.0,1.56,1.56,0.3115384615384615,0.5,3.96383815584264,-0.382409697794033,2,mixed,False,26+26+24+12+8,5,96,24,34,12,A40-12L-V4-kv410-direct,16x12E,11.64683184979703,2.16,16.666666666666664,0.31441860465116284,9.017947540248102,10.821537048297722,11.000921671795043,91.89904861237713,93.50240188911603,11.448633168045093,0.003839326609256344,0.9572073345406005,-189.49121049545838,168.64008230044132,0.42581120617432805,2020.4816247379865,2101.4770866913846,14.083333333333334,False,"SOC floor violated (min 0.004, unmet 169 Wh); FLAG 16x12E: shaft power table 35.4 W vs similarity 29.8 W (16%) at 2383 rpm, 10.82 m/s; FLAG 16x12E: shaft power table 36.0 W vs similarity 30.4 W (16%) at 2424 rpm, 11.00 m/s"
6.0,0.36,1.0,0.34,1.0,1.0,5.0,0.7,2.3339999999999996,0.36,3.0,1.56,1.56,0.2492307692307692,0.5,3.981095168644555,-0.26052532744863277,2,mixed,False,26+26+24+12+8+8,6,104,24,34,12,A40-12L-V4-kv410-direct,16x12E,11.8042335790278,2.16,16.666666666666664,0.3334529147982063,9.069229500574169,10.883075400689002,11.063480122729173,92.48456174288347,94.0987598769115,11.351350743645568,0.0037314371316042837,0.9999999999999964,-189.59543173087027,163.9063734772048,107.12056226275766,2188.855093466153,2116.040496191831,13.833333333333332,False,"SOC floor violated (min 0.004, unmet 164 Wh); FLAG 16x12E: shaft power table 35.7 W vs similarity 30.0 W (16%) at 2392 rpm, 10.88 m/s; FLAG 16x12E: shaft power table 36.3 W vs similarity 30.6 W (16%) at 2433 rpm, 11.06 m/s"
6.0,0.36,0.9,0.34,1.0,1.0,5.0,0.7,2.295,0.36,3.0,1.3,1.3,0.33230769230769225,0.5,3.9599244121835926,-0.5472481948128605,2,mixed,False,26+26+20+10+10+10,6,102,20,36,10,A40-12L-V4-kv410-direct,16x12E,11.819672126720107,2.16,16.666666666666664,0.2911511354737667,9.087083063662071,10.904499676394485,11.085259540741518,93.038564571557,94.66132858449228,11.35399009849759,0.0036516287790552115,0.9999999999960242,-189.6725265994327,174.5957508070832,62.68925700656372,2146.7617262841127,2129.2884201811266,13.916666666666668,False,"SOC floor violated (min 0.004, unmet 175 Wh); FLAG 16x12E: shaft power table 35.9 W vs similarity 30.3 W (16%) at 2397 rpm, 10.90 m/s; FLAG 16x12E: shaft power table 36.5 W vs similarity 30.9 W (15%) at 2439 rpm, 11.09 m/s"
6.0,0.36,0.8,0.34,1.0,1.0,0.0,0.0,3.0,0.36,3.0,1.3,1.3,0.3738461538461538,0.5,5.387227124737265,-0.31935263281806225,2,mixed,False,26+26+20+10+10,5,92,20,36,10,A40-12L-V4-kv410-direct,MJ-21x14EL,11.606630584615385,2.16,16.666666666666664,0.27933884297520667,8.303094071906003,9.963712886287203,10.128877675426208,88.99492074859826,91.21779217665929,19.461128798440434,0.0036307672885234872,0.901284831729397,-189.6926787992863,134.49218631649978,0.2459461656257922,1936.294890373904,2037.9215729613081,14.083333333333334,False,"SOC floor violated (min 0.004, unmet 134 Wh); did not refill (end SOC 0.901); FLAG MJ-21x14EL: shaft power table 37.0 W vs similarity 28.2 W (24%) at 1587 rpm, 9.96 m/s; FLAG MJ-21x14EL: shaft power table 37.1 W vs similarity 29.6 W (20%) at 1623 rpm, 10.13 m/s"
6.0,0.36,0.9,0.34,1.0,1.0,2.0,0.0,0.65,0.36,3.0,1.3,1.3,0.33230769230769225,0.5,3.7020838834670715,-0.6057383054168246,2,mixed,False,26+26+20+10+10+10,6,102,20,36,10,A40-12L-V4-kv410-direct,16x12E,11.819672126720107,2.16,16.666666666666664,0.2911511354737667,9.23570991039253,11.082851892471036,11.266568235642474,93.04760302038453,94.73518910789402,11.522271468060994,0.003546106404279008,0.999999999995645,-189.77446121346648,174.6206065413589,61.84507443420237,2146.7617262841127,2130.1589655382845,13.916666666666668,False,"SOC floor violated (min 0.004, unmet 175 Wh); FLAG 16x12E: shaft power table 36.0 W vs similarity 30.1 W (16%) at 2410 rpm, 11.08 m/s; FLAG 16x12E: shaft power table 36.5 W vs similarity 30.8 W (16%) at 2452 rpm, 11.27 m/s"
6.0,0.36,1.0,0.34,1.0,1.0,3.5,0.7,2.295,0.36,3.0,1.3,1.3,0.2990769230769231,0.5000000000000001,4.082851457533345,-0.44503643613527943,2,mixed,False,26+26+20+10+10,5,92,20,36,10,A40-12L-V4-kv410-direct,16x12E,11.630888963643184,2.16,16.666666666666664,0.3013454368617281,8.946030047056174,10.735236056467409,10.913190100292189,89.65551320801731,91.16681365385789,11.393034445098355,0.00336189529387683,0.9015261157882523,-189.95240914611497,143.55991086076392,0.25019437585924226,1936.294890373904,2046.7193797470054,14.083333333333334,False,"SOC floor violated (min 0.003, unmet 144 Wh); did not refill (end SOC 0.902); FLAG 16x12E: shaft power table 34.4 W vs similarity 29.0 W (16%) at 2362 rpm, 10.74 m/s; FLAG 16x12E: shaft power table 35.1 W vs similarity 29.5 W (16%) at 2402 rpm, 10.91 m/s"
6.0,0.36,0.9,0.34,1.0,1.0,2.0,0.7,2.295,0.36,3.0,1.3,1.3,0.33230769230769225,0.5,4.2101189683444495,-0.49146594182562175,2,mixed,False,26+26+20+10+10,5,92,20,36,10,A40-12L-V4-kv410-direct,16x12E,11.631672126720108,2.16,16.666666666666664,0.2911511354737667,8.87761340192325,10.6531360823079,10.829729185178731,90.32359422250644,91.84239328221156,11.309382565544393,0.0031862031362233246,0.8945827290075044,-190.12212777040827,152.75961763659777,0.19389607349643612,1936.294890373904,2062.7011187605967,14.166666666666668,False,"SOC floor violated (min 0.003, unmet 153 Wh); did not refill (end SOC 0.895); FLAG 16x12E: shaft power table 34.6 W vs similarity 29.3 W (15%) at 2361 rpm, 10.65 m/s; FLAG 16x12E: shaft power table 35.3 W vs similarity 29.9 W (15%) at 2401 rpm, 10.83 m/s"
6.0,0.36,0.8,0.34,1.0,1.0,2.0,0.7,2.295,0.36,3.0,1.3,1.3,0.3738461538461538,0.5,4.21069385750043,-0.5844565851951029,2,mixed,False,26+26+20+10+10+10,6,102,20,36,10,A40-12L-V4-kv410-direct,16x12E,11.841151080566261,2.16,16.666666666666664,0.27933884297520667,8.957196750934473,10.748636101121368,10.926812272538042,93.08681795210686,94.72338981070845,11.18561675433607,0.003088274762428893,0.9999999999954627,-190.2167265794937,174.7284476035953,61.51818039998117,2146.7617262841127,2130.5857304247916,13.916666666666668,False,"SOC floor violated (min 0.003, unmet 175 Wh); FLAG 16x12E: shaft power table 35.9 W vs similarity 30.4 W (15%) at 2386 rpm, 10.75 m/s; FLAG 16x12E: shaft power table 36.6 W vs similarity 31.0 W (15%) at 2427 rpm, 10.93 m/s"
6.0,0.36,0.9,0.34,1.0,1.0,0.0,0.0,3.0,0.36,3.0,1.3,1.3,0.33230769230769225,0.5,5.3871993579523085,-0.22647064696837838,2,mixed,False,26+26+20+10+10,5,92,20,36,10,A40-12L-V4-kv410-direct,MJ-21x14EL,11.58515163076923,2.16,16.666666666666664,0.2911511354737667,8.295407760265354,9.954489312318424,10.11950120567781,87.80179337259976,90.02228177940667,19.4869265001779,0.0030482160242194366,0.9126802327968985,-190.25542332060405,116.98190918722747,0.3455720320635104,1936.294890373904,2009.2628843098864,14.083333333333334,False,"SOC floor violated (min 0.003, unmet 117 Wh); did not refill (end SOC 0.913); FLAG MJ-21x14EL: shaft power table 36.6 W vs similarity 27.7 W (24%) at 1581 rpm, 9.95 m/s; FLAG MJ-21x14EL: shaft power table 36.8 W vs similarity 29.0 W (21%) at 1616 rpm, 10.12 m/s"
6.0,0.36,0.8,0.34,1.0,1.0,5.0,0.7,2.3339999999999996,0.36,3.0,1.56,1.56,0.3115384615384615,0.5,3.9806664576443334,-0.37863916276695186,2,mixed,False,26+26+24+12+8,5,96,24,34,12,A40-12L-V4-kv410-direct,16x12E,11.64683184979703,2.16,16.666666666666664,0.31441860465116284,9.008560456424412,10.810272547709294,10.98947044374009,92.64431716627819,94.26910357466643,11.43389915926542,0.0030154893403880455,0.9487004802652997,-190.28703729718518,178.40993058752574,0.3328627743576907,2020.4816247379865,2119.5760772071844,14.083333333333334,False,"SOC floor violated (min 0.003, unmet 178 Wh); did not refill (end SOC 0.949); FLAG 16x12E: shaft power table 35.7 W vs similarity 30.2 W (16%) at 2387 rpm, 10.81 m/s; FLAG 16x12E: shaft power table 36.4 W vs similarity 30.8 W (15%) at 2429 rpm, 10.99 m/s"
6.0,0.36,0.8,0.34,1.0,1.0,2.0,0.7,2.3339999999999996,0.36,3.0,1.56,1.56,0.3115384615384615,0.5,4.21962996511671,-0.3245099669125455,2,mixed,False,26+26+24+12+8+8,6,104,24,34,12,A40-12L-V4-kv410-direct,16x12E,11.81883184979703,2.16,16.666666666666664,0.31441860465116284,8.943909692524732,10.73269163102968,10.910603496853579,93.23712118921343,94.87375514127761,11.190828163072089,0.002974098234280423,0.9999999999999907,-190.32702110568513,173.68482841802216,98.60375538585241,2188.855093466153,2134.3300203871145,13.833333333333332,False,"SOC floor violated (min 0.003, unmet 174 Wh); FLAG 16x12E: shaft power table 35.9 W vs similarity 30.5 W (15%) at 2386 rpm, 10.73 m/s; FLAG 16x12E: shaft power table 36.6 W vs similarity 31.1 W (15%) at 2427 rpm, 10.91 m/s"
6.0,0.36,1.0,0.34,1.0,1.0,3.5,0.0,0.65,0.36,3.0,1.3,1.3,0.2990769230769231,0.5000000000000001,3.2543643138593232,-0.6335682638012279,2,mixed,False,26+26+20+10+10,5,92,20,36,10,A40-12L-V4-kv410-direct,16x12E,11.630888963643184,2.16,16.666666666666664,0.3013454368617281,9.434385529508129,11.321262635409754,11.508931025427117,92.88745849129303,94.58031055049875,11.937348623128928,0.004360183988115211,0.8682310946138931,-190.4325085954842,190.4325085954842,0.31504139657846625,1936.2948903739043,2125.804311368289,14.25,False,"SOC floor violated (min 0.004, unmet 190 Wh); did not refill (end SOC 0.868); FLAG 16x12E: shaft power table 35.8 W vs similarity 29.9 W (17%) at 2427 rpm, 11.32 m/s; FLAG 16x12E: shaft power table 36.5 W vs similarity 30.5 W (16%) at 2469 rpm, 11.51 m/s"
6.0,0.36,0.9,0.34,1.0,1.0,3.5,0.35,1.557,0.36,3.0,1.56,1.56,0.2769230769230769,0.5,3.673286211445417,-0.3825147035462779,2,mixed,False,26+26+24+12+8,5,96,24,34,12,A40-12L-V4-kv410-direct,16x12E,11.629610588258569,2.16,16.666666666666664,0.3247161572052402,9.177774615092934,11.01332953811152,11.195893434887797,91.98415872845982,93.61784874681476,11.649515636227086,0.002830952393911427,0.9550396571062535,-190.46529998748156,168.87413511966867,0.40657006322454,2020.4816247379865,2103.8205688317344,14.083333333333334,False,"SOC floor violated (min 0.003, unmet 169 Wh); FLAG 16x12E: shaft power table 35.5 W vs similarity 29.7 W (16%) at 2398 rpm, 11.01 m/s; FLAG 16x12E: shaft power table 36.1 W vs similarity 30.4 W (16%) at 2440 rpm, 11.20 m/s"
6.0,0.36,0.8,0.34,1.0,1.0,3.5,0.35,1.4725000000000001,0.36,3.0,1.3,1.3,0.3738461538461538,0.5,3.6244371775125357,-0.7183513632629459,2,mixed,False,26+26+20+10+10,5,92,20,36,10,A40-12L-V4-kv410-direct,16x12E,11.65315108056626,2.16,16.666666666666664,0.27933884297520667,9.21600133284274,11.059201599411288,11.242525900408202,92.96648226507585,94.64535773313987,11.664717396427534,0.00342514017979912,0.8666530472035433,-190.66957991683267,190.66957991683267,0.3096207980250393,1936.2948903739043,2127.5646101754464,14.25,False,"SOC floor violated (min 0.003, unmet 191 Wh); did not refill (end SOC 0.867); FLAG 16x12E: shaft power table 35.9 W vs similarity 30.1 W (16%) at 2408 rpm, 11.06 m/s; FLAG 16x12E: shaft power table 36.5 W vs similarity 30.7 W (16%) at 2450 rpm, 11.24 m/s"
6.0,0.36,1.0,0.34,1.0,1.0,3.5,0.35,1.557,0.36,3.0,1.56,1.56,0.2492307692307692,0.5,3.6732930800928916,-0.3301239924576622,2,mixed,False,26+26+24+12+8,5,96,24,34,12,A40-12L-V4-kv410-direct,16x12E,11.6322335790278,2.16,16.666666666666664,0.3334529147982063,9.178809553480356,11.014571464176427,11.197155947902463,91.33585574946223,92.93993551686516,11.651558067604476,0.0025833992414626,0.9615824280259719,-190.70443633274712,159.47998061497015,0.5195556015494726,2020.4816247379865,2087.967662347173,14.083333333333334,False,"SOC floor violated (min 0.003, unmet 159 Wh); FLAG 16x12E: shaft power table 35.3 W vs similarity 29.5 W (16%) at 2394 rpm, 11.01 m/s; FLAG 16x12E: shaft power table 35.8 W vs similarity 30.1 W (16%) at 2435 rpm, 11.20 m/s"
6.0,0.36,0.8,0.34,1.0,1.0,2.0,0.35,1.4725000000000001,0.36,3.0,1.3,1.3,0.3738461538461538,0.5,3.9337824229209826,-0.6478043765505079,2,mixed,False,26+26+20+10+10,5,92,20,36,10,A40-12L-V4-kv410-direct,16x12E,11.65315108056626,2.16,16.666666666666664,0.27933884297520667,9.037248666547947,10.844698399857537,11.024466960526695,91.69245758237969,93.28840179562697,11.465776957493235,0.002530914151800954,0.8791221887074354,-190.75513692936028,171.69842495611815,0.4960958235296004,1936.2948903739043,2096.312433407365,14.166666666666668,False,"SOC floor violated (min 0.003, unmet 172 Wh); did not refill (end SOC 0.879); FLAG 16x12E: shaft power table 35.3 W vs similarity 29.7 W (16%) at 2384 rpm, 10.84 m/s; FLAG 16x12E: shaft power table 36.0 W vs similarity 30.3 W (16%) at 2425 rpm, 11.02 m/s"
6.0,0.36,1.0,0.34,1.0,1.0,3.5,0.35,1.4725000000000001,0.36,3.0,1.3,1.3,0.2990769230769231,0.5000000000000001,3.6243794317586526,-0.5486650133347495,2,mixed,False,26+26+20+10+10,5,92,20,36,10,A40-12L-V4-kv410-direct,16x12E,11.630888963643184,2.16,16.666666666666664,0.3013454368617281,9.207194024873345,11.048632829848014,11.231781936254688,91.03267168477696,92.62724911948675,11.687235914489985,0.002502899820592413,0.8861003061905766,-190.78219877330775,162.2428617076342,0.12849142039017042,1936.294890373904,2080.464131875967,14.166666666666668,False,"SOC floor violated (min 0.003, unmet 162 Wh); did not refill (end SOC 0.886); FLAG 16x12E: shaft power table 35.1 W vs similarity 29.3 W (16%) at 2394 rpm, 11.05 m/s; FLAG 16x12E: shaft power table 35.6 W vs similarity 29.9 W (16%) at 2436 rpm, 11.23 m/s"
6.0,0.36,0.8,0.34,1.0,1.0,3.5,0.7,2.3339999999999996,0.36,3.0,1.56,1.56,0.3115384615384615,0.5,4.098660910066991,-0.35163383329634446,2,mixed,False,26+26+24+12+8+8,6,104,24,34,12,A40-12L-V4-kv410-direct,16x12E,11.81883184979703,2.16,16.666666666666664,0.31441860465116284,9.009610531704954,10.811532638045945,10.990751422128929,93.29339841201514,94.93888183417369,11.265349349435308,0.0023170264304440084,0.999999999999989,-190.9617524681911,173.84032823656807,97.31131867428257,2188.855093466153,2135.7706433469675,13.833333333333332,False,"SOC floor violated (min 0.002, unmet 174 Wh); FLAG 16x12E: shaft power table 36.0 W vs similarity 30.4 W (15%) at 2392 rpm, 10.81 m/s; FLAG 16x12E: shaft power table 36.6 W vs similarity 31.0 W (15%) at 2433 rpm, 10.99 m/s"
6.0,0.36,0.9,0.34,1.0,1.0,2.0,0.7,2.3339999999999996,0.36,3.0,1.56,1.56,0.2769230769230769,0.5,4.219110300043178,-0.26003022472180626,2,mixed,False,26+26+24+12+8,5,96,24,34,12,A40-12L-V4-kv410-direct,16x12E,11.629610588258569,2.16,16.666666666666664,0.3247161572052402,8.872024142588563,10.646428971106275,10.822910892671501,90.69893065530205,92.24337461835363,11.302844813112813,0.002311612622911463,0.9688066540224575,-190.96698220626755,150.3519731395221,0.13397556391763743,2020.4816247379865,2072.218775357754,14.0,False,"SOC floor violated (min 0.002, unmet 150 Wh); FLAG 16x12E: shaft power table 34.8 W vs similarity 29.5 W (15%) at 2363 rpm, 10.65 m/s; FLAG 16x12E: shaft power table 35.5 W vs similarity 30.0 W (15%) at 2403 rpm, 10.82 m/s"
6.0,0.36,0.8,0.34,1.0,1.0,2.0,0.0,0.78,0.36,3.0,1.56,1.56,0.3115384615384615,0.5,3.7345000132783426,-0.4341245435820591,2,mixed,False,26+26+24+12+8,5,96,24,34,12,A40-12L-V4-kv410-direct,16x12E,11.64683184979703,2.16,16.666666666666664,0.31441860465116284,9.148729449572118,10.978475339486542,11.160461471083087,92.70942440606188,94.34619470944796,11.595124006785854,0.002243035291108215,0.9471535806886893,-191.03322790878946,178.59440110024616,0.3264385131258969,2020.4816247379865,2121.257491254058,14.083333333333334,False,"SOC floor violated (min 0.002, unmet 179 Wh); did not refill (end SOC 0.947); FLAG 16x12E: shaft power table 35.8 W vs similarity 30.1 W (16%) at 2400 rpm, 10.98 m/s; FLAG 16x12E: shaft power table 36.4 W vs similarity 30.7 W (16%) at 2442 rpm, 11.16 m/s"
6.0,0.36,0.8,0.34,1.0,1.0,3.5,0.7,2.295,0.36,3.0,1.3,1.3,0.3738461538461538,0.5,4.083426074622805,-0.6132620676194074,2,mixed,False,26+26+20+10+10+10,6,102,20,36,10,A40-12L-V4-kv410-direct,16x12E,11.841151080566261,2.16,16.666666666666664,0.27933884297520667,9.026530601230744,10.831836721476893,11.011392078853065,93.17973662751898,94.82065551120593,11.2639091570282,0.0020033934673870206,0.999999999993378,-191.26472191050416,174.98397396097857,59.487918010970574,2146.7617262841127,2132.859611137636,13.916666666666668,False,"SOC floor violated (min 0.002, unmet 175 Wh); FLAG 16x12E: shaft power table 36.0 W vs similarity 30.4 W (16%) at 2393 rpm, 10.83 m/s; FLAG 16x12E: shaft power table 36.6 W vs similarity 31.0 W (15%) at 2434 rpm, 11.01 m/s"
6.0,0.36,0.8,0.34,1.0,1.0,5.0,0.7,2.3339999999999996,0.36,3.0,1.56,1.56,0.3115384615384615,0.5,3.981134639487527,-0.37797329495280096,2,mixed,False,26+26+24+12+8+8,6,104,24,34,12,A40-12L-V4-kv410-direct,16x12E,11.81883184979703,2.16,16.666666666666664,0.31441860465116284,9.074835716308028,10.889802859569633,11.070319100211368,94.1977574133025,95.86643712936676,11.334868973615517,0.008113919060491139,0.999999999999957,-191.88981810714554,191.88981810714554,93.63704926794526,2188.8550934661525,2157.572031722917,13.916666666666668,False,"SOC floor violated (min 0.008, unmet 192 Wh); FLAG 16x12E: shaft power table 36.4 W vs similarity 30.7 W (16%) at 2404 rpm, 10.89 m/s; FLAG 16x12E: shaft power table 37.0 W vs similarity 31.4 W (15%) at 2445 rpm, 11.07 m/s"
6.0,0.36,0.8,0.34,1.0,1.0,2.0,0.0,0.78,0.36,3.0,1.56,1.56,0.3115384615384615,0.5,3.7349515682827654,-0.43343381516993573,2,mixed,False,26+26+24+12+8+8,6,104,24,34,12,A40-12L-V4-kv410-direct,16x12E,11.81883184979703,2.16,16.666666666666664,0.31441860465116284,9.216035921544883,11.05924310585386,11.242568094887742,94.24193176550261,95.96589509983089,11.494624544952451,0.00760585267675905,0.9999999999999514,-192.0186599677292,192.0186599677292,92.14313921300206,2188.8550934661525,2159.189659326538,13.916666666666668,False,"SOC floor violated (min 0.008, unmet 192 Wh); FLAG 16x12E: shaft power table 36.5 W vs similarity 30.6 W (16%) at 2416 rpm, 11.06 m/s; FLAG 16x12E: shaft power table 37.0 W vs similarity 31.3 W (15%) at 2459 rpm, 11.24 m/s"
6.0,0.36,0.8,0.34,1.0,1.0,3.5,0.35,1.557,0.36,3.0,1.56,1.56,0.3115384615384615,0.5,3.673777779856029,-0.4472241931570038,2,mixed,False,26+26+24+12+8+8,6,104,24,34,12,A40-12L-V4-kv410-direct,16x12E,11.81883184979703,2.16,16.666666666666664,0.31441860465116284,9.252137507347607,11.102565008817129,11.286608129038619,94.61607953400946,96.36797269588818,11.533537068140316,0.0033024006634608076,0.9999999999998483,-193.10992429254085,193.10992429254085,83.92328639413316,2188.8550934661525,2168.450831531839,13.916666666666668,False,"SOC floor violated (min 0.003, unmet 193 Wh); FLAG 16x12E: shaft power table 36.6 W vs similarity 30.8 W (16%) at 2422 rpm, 11.10 m/s; FLAG 16x12E: shaft power table 37.2 W vs similarity 31.4 W (15%) at 2465 rpm, 11.29 m/s"
6.0,0.36,1.0,0.34,1.0,1.0,3.5,0.0,0.78,0.36,3.0,1.56,1.56,0.2492307692307692,0.5,3.3064385186042773,-0.412721696183749,2,mixed,False,26+26+24+12+8+8,6,104,24,34,12,A40-12L-V4-kv410-direct,16x12E,11.8042335790278,2.16,16.666666666666664,0.3334529147982063,9.47155124959453,11.365861499513436,11.554269188431677,94.72675622666124,96.48571101245561,11.793928544551047,0.0020293095770764265,0.99999999999977,-193.43273131277522,193.43273131277522,81.50435262188773,2188.8550934661525,2171.1782768633016,13.916666666666668,False,"SOC floor violated (min 0.002, unmet 193 Wh); FLAG 16x12E: shaft power table 36.6 W vs similarity 30.6 W (16%) at 2442 rpm, 11.37 m/s; FLAG 16x12E: shaft power table 37.3 W vs similarity 31.3 W (16%) at 2486 rpm, 11.55 m/s"
6.0,0.36,0.8,0.34,1.0,1.0,5.0,0.7,2.295,0.36,3.0,1.3,1.3,0.3738461538461538,0.5,3.959982343133213,-0.6411711788047469,2,mixed,False,26+26+20+10+10+10,6,102,20,36,10,A40-12L-V4-kv410-direct,16x12E,11.841151080566261,2.16,16.666666666666664,0.27933884297520667,9.095335934145536,10.914403120974644,11.095327151065359,94.1830812126019,95.85093618356585,11.336823868914337,0.006567804559103068,0.9999999999860226,-193.440351772057,193.440351772057,53.6580810645864,2146.7617262841127,2157.2114867263326,13.916666666666668,False,"SOC floor violated (min 0.007, unmet 193 Wh); FLAG 16x12E: shaft power table 36.4 W vs similarity 30.7 W (16%) at 2405 rpm, 10.91 m/s; FLAG 16x12E: shaft power table 37.0 W vs similarity 31.4 W (15%) at 2447 rpm, 11.10 m/s"
6.0,0.36,0.8,0.34,1.0,1.0,2.0,0.0,0.65,0.36,3.0,1.3,1.3,0.3738461538461538,0.5,3.7021394701424777,-0.6998683972185997,2,mixed,False,26+26+20+10+10+10,6,102,20,36,10,A40-12L-V4-kv410-direct,16x12E,11.841151080566261,2.16,16.666666666666664,0.27933884297520667,9.244097763477985,11.092917316173581,11.2768005101568,94.23107464533541,95.97152266587834,11.504679455492763,0.006005364015333737,0.9999999999807707,-193.58033261752968,193.58033261752968,51.91157868184307,2146.7617262841127,2159.0953090285284,13.916666666666668,False,"SOC floor violated (min 0.006, unmet 194 Wh); FLAG 16x12E: shaft power table 36.5 W vs similarity 30.6 W (16%) at 2419 rpm, 11.09 m/s; FLAG 16x12E: shaft power table 37.0 W vs similarity 31.3 W (15%) at 2461 rpm, 11.28 m/s"
6.0,0.36,0.9,0.34,1.0,1.0,3.5,0.0,0.78,0.36,3.0,1.56,1.56,0.2769230769230769,0.5,3.306027457766864,-0.46598650087259963,2,mixed,False,26+26+24+12+8,5,96,24,34,12,A40-12L-V4-kv410-direct,16x12E,11.629610588258569,2.16,16.666666666666664,0.3247161572052402,9.401232702925611,11.281479243510733,11.468488158931704,93.83046001817745,95.57131770657361,11.896019103948557,0.0052429994164707,0.9378877975250424,-197.4090786709366,197.4090786709366,0.22434493003209255,2020.4816247379865,2149.194545846187,14.083333333333334,False,"SOC floor violated (min 0.005, unmet 197 Wh); did not refill (end SOC 0.938); FLAG 16x12E: shaft power table 36.2 W vs similarity 30.3 W (16%) at 2430 rpm, 11.28 m/s; FLAG 16x12E: shaft power table 36.9 W vs similarity 31.0 W (16%) at 2473 rpm, 11.47 m/s"
6.0,0.36,0.9,0.34,1.0,1.0,3.5,0.0,0.65,0.36,3.0,1.3,1.3,0.33230769230769225,0.5,3.254366137487058,-0.7093228051267213,2,mixed,False,26+26+20+10+10,5,92,20,36,10,A40-12L-V4-kv410-direct,16x12E,11.631672126720108,2.16,16.666666666666664,0.2911511354737667,9.434703155187862,11.321643786225433,11.509318494439116,93.71279117971245,95.44068345783056,11.93250119085711,0.0027139115319347613,0.8581058808763344,-200.71790592571847,200.71790592571847,0.24334365430081561,1936.2948903739043,2145.9539380247506,14.25,False,"SOC floor violated (min 0.003, unmet 201 Wh); did not refill (end SOC 0.858); FLAG 16x12E: shaft power table 36.2 W vs similarity 30.2 W (16%) at 2432 rpm, 11.32 m/s; FLAG 16x12E: shaft power table 36.9 W vs similarity 30.9 W (16%) at 2475 rpm, 11.51 m/s"
6.0,0.36,1.0,0.34,1.0,1.0,3.5,0.0,0.65,0.36,3.0,1.3,1.3,0.2990769230769231,0.5000000000000001,3.2547985939614277,-0.6327489507690847,2,mixed,False,26+26+20+10+10+10,6,102,20,36,10,A40-12L-V4-kv410-direct,16x12E,11.818888963643184,2.16,16.666666666666664,0.3013454368617281,9.510327898073818,11.412393477688582,11.601572510025811,94.60738382849262,96.3576288490838,11.82313087429676,0.009857166428061337,0.9999999999832908,-202.5618497207793,202.5618497207793,51.81176793349339,2146.7617262841127,2168.225515841448,13.916666666666668,False,"SOC floor violated (min 0.010, unmet 203 Wh); FLAG 16x12E: shaft power table 36.6 W vs similarity 30.5 W (17%) at 2445 rpm, 11.41 m/s; FLAG 16x12E: shaft power table 37.3 W vs similarity 31.2 W (16%) at 2488 rpm, 11.60 m/s"
6.0,0.36,0.8,0.34,1.0,1.0,3.5,0.35,1.4725000000000001,0.36,3.0,1.3,1.3,0.3738461538461538,0.5,3.6249204770398373,-0.7174901996534915,2,mixed,False,26+26+20+10+10+10,6,102,20,36,10,A40-12L-V4-kv410-direct,16x12E,11.841151080566261,2.16,16.666666666666664,0.27933884297520667,9.290044654425948,11.148053585311137,11.332850752867255,94.66273929675404,96.43857264927848,11.554306926074378,0.009218351574636465,0.9999999999759032,-202.72791612556347,202.72791612556347,50.38715542547701,2146.7617262841127,2169.812062760054,13.916666666666668,False,"SOC floor violated (min 0.009, unmet 203 Wh); FLAG 16x12E: shaft power table 36.6 W vs similarity 30.8 W (16%) at 2426 rpm, 11.15 m/s; FLAG 16x12E: shaft power table 37.2 W vs similarity 31.4 W (15%) at 2468 rpm, 11.33 m/s"
6.0,0.36,0.9,0.34,1.0,1.0,3.5,0.0,0.78,0.36,3.0,1.56,1.56,0.2769230769230769,0.5,3.3064323892121363,-0.46529167815687633,2,mixed,False,26+26+24+12+8+8,6,104,24,34,12,A40-12L-V4-kv410-direct,16x12E,11.80161058825857,2.16,16.666666666666664,0.3247161572052402,9.470498865650878,11.364598638781054,11.552985393723281,95.4416068569647,97.21441929878348,11.791725827916716,0.002061980496146934,0.9999999999994688,-203.4711795559074,203.4711795559074,74.25126141317881,2188.8550934661525,2188.4744233554975,13.916666666666668,False,"SOC floor violated (min 0.002, unmet 203 Wh); FLAG 16x12E: shaft power table 36.9 W vs similarity 30.9 W (16%) at 2447 rpm, 11.36 m/s; FLAG 16x12E: shaft power table 37.6 W vs similarity 31.6 W (16%) at 2490 rpm, 11.55 m/s"
6.0,0.36,1.0,0.34,1.0,1.0,5.0,0.35,1.557,0.36,3.0,1.56,1.56,0.2492307692307692,0.5,3.402150449627367,-0.391494468441669,2,mixed,False,26+26+24+12+8,5,96,24,34,12,A40-12L-V4-kv410-direct,16x12E,11.6322335790278,2.16,16.666666666666664,0.3334529147982063,9.34235748839816,11.210828986077793,11.396666758270863,94.29949160769493,96.07968370856014,11.82376440114742,0.00810438419883062,0.9356871879174685,-206.69745805241857,206.69745805241857,0.18198109653321498,2020.4816247379865,2160.6930209098578,14.166666666666668,False,"SOC floor violated (min 0.008, unmet 207 Wh); did not refill (end SOC 0.936); FLAG 16x12E: shaft power table 36.5 W vs similarity 30.6 W (16%) at 2428 rpm, 11.21 m/s; FLAG 16x12E: shaft power table 37.0 W vs similarity 31.2 W (16%) at 2471 rpm, 11.40 m/s"
6.0,0.36,1.0,0.34,1.0,1.0,5.0,0.35,1.4725000000000001,0.36,3.0,1.3,1.3,0.2990769230769231,0.5000000000000001,3.336950916435448,-0.6144535270611478,2,mixed,False,26+26+20+10+10,5,92,20,36,10,A40-12L-V4-kv410-direct,16x12E,11.630888963643184,2.16,16.666666666666664,0.3013454368617281,9.38237739858149,11.258852878297787,11.445486724818036,94.23466619090523,95.98379383973578,11.871235147293275,0.004906321861036331,0.8549534786074736,-210.17990939280506,210.17990939280506,0.19808445580871373,1936.2948903739043,2158.5402225204252,14.333333333333332,False,"SOC floor violated (min 0.005, unmet 210 Wh); did not refill (end SOC 0.855); FLAG 16x12E: shaft power table 36.4 W vs similarity 30.5 W (16%) at 2431 rpm, 11.26 m/s; FLAG 16x12E: shaft power table 37.0 W vs similarity 31.1 W (16%) at 2474 rpm, 11.45 m/s"
6.0,0.36,1.0,0.34,1.0,1.0,5.0,0.35,1.557,0.36,3.0,1.56,1.56,0.2492307692307692,0.5,3.4025664823628623,-0.3908227945480567,2,mixed,False,26+26+24+12+8+8,6,104,24,34,12,A40-12L-V4-kv410-direct,16x12E,11.8042335790278,2.16,16.666666666666664,0.3334529147982063,9.411174407324342,11.29340928878921,11.480615964165265,95.91103764573378,97.72344097409643,11.720366897717513,0.00498638916693658,0.99999999999925,-212.87205839269242,212.87205839269242,72.03011376072575,2188.8550934661525,2200.1399703919287,13.916666666666668,False,"SOC floor violated (min 0.005, unmet 213 Wh); FLAG 16x12E: shaft power table 37.1 W vs similarity 31.2 W (16%) at 2445 rpm, 11.29 m/s; FLAG 16x12E: shaft power table 37.8 W vs similarity 31.8 W (16%) at 2488 rpm, 11.48 m/s"
6.0,0.36,0.9,0.34,1.0,1.0,3.5,0.0,0.65,0.36,3.0,1.3,1.3,0.33230769230769225,0.5,3.254800388582153,-0.7084748614902492,2,mixed,False,26+26+20+10+10+10,6,102,20,36,10,A40-12L-V4-kv410-direct,16x12E,11.819672126720107,2.16,16.666666666666664,0.2911511354737667,9.510642987516698,11.412771585020037,11.601956885102874,95.4529569860217,97.2395671822005,11.818283157502238,0.008570379763066172,0.9999999998918189,-213.0791360853464,213.0791360853464,41.81596636789015,2146.7617262841127,2188.7370696263165,14.0,False,"SOC floor violated (min 0.009, unmet 213 Wh); FLAG 16x12E: shaft power table 36.9 W vs similarity 30.9 W (16%) at 2451 rpm, 11.41 m/s; FLAG 16x12E: shaft power table 37.7 W vs similarity 31.6 W (16%) at 2494 rpm, 11.60 m/s"
6.0,0.36,1.0,0.34,1.0,1.0,5.0,0.35,1.4725000000000001,0.36,3.0,1.3,1.3,0.2990769230769231,0.5000000000000001,3.3373979377884777,-0.6136367732694148,2,mixed,False,26+26+20+10+10+10,6,102,20,36,10,A40-12L-V4-kv410-direct,16x12E,11.818888963643184,2.16,16.666666666666664,0.3013454368617281,9.457901126141373,11.349481351369647,11.537617512620931,96.01097106068724,97.79527167028752,11.757555909374204,0.0022000088703270464,0.9999999987905818,-214.84598818957247,214.84598818957247,30.148486643107088,2146.7617262841127,2202.1063115524967,14.0,False,"SOC floor violated (min 0.002, unmet 215 Wh); FLAG 16x12E: shaft power table 37.1 W vs similarity 31.2 W (16%) at 2449 rpm, 11.35 m/s; FLAG 16x12E: shaft power table 37.8 W vs similarity 31.8 W (16%) at 2493 rpm, 11.54 m/s"
6.0,0.36,0.9,0.34,1.0,1.0,5.0,0.35,1.557,0.36,3.0,1.56,1.56,0.2769230769230769,0.5,3.4021440576382282,-0.4440270026526749,2,mixed,False,26+26+24+12+8,5,96,24,34,12,A40-12L-V4-kv410-direct,16x12E,11.629610588258569,2.16,16.666666666666664,0.3247161572052402,9.34130410948912,11.209564931386943,11.395381749812188,94.9646012357687,96.7644154546866,11.821747110902626,0.008641574424350493,0.9294243182568702,-216.71899048747073,216.71899048747073,0.12492011768934337,2020.4816247379865,2176.8486028111415,14.166666666666668,False,"SOC floor violated (min 0.009, unmet 217 Wh); did not refill (end SOC 0.929); FLAG 16x12E: shaft power table 36.7 W vs similarity 30.8 W (16%) at 2432 rpm, 11.21 m/s; FLAG 16x12E: shaft power table 37.3 W vs similarity 31.5 W (16%) at 2475 rpm, 11.40 m/s"
6.0,0.36,0.8,0.34,1.0,1.0,3.5,0.0,0.78,0.36,3.0,1.56,1.56,0.3115384615384615,0.5,3.306068269836339,-0.5316366091443345,2,mixed,False,26+26+24+12+8,5,96,24,34,12,A40-12L-V4-kv410-direct,16x12E,11.64683184979703,2.16,16.666666666666664,0.31441860465116284,9.408190854878313,11.289829025853976,11.47697635253346,94.97294721920171,96.75945328132657,11.880264749454668,0.008545582258947321,0.9293773708886489,-216.74500592056194,216.74500592056194,0.12533363213601234,2020.4816247379865,2176.9180428717445,14.166666666666668,False,"SOC floor violated (min 0.009, unmet 217 Wh); did not refill (end SOC 0.929); FLAG 16x12E: shaft power table 36.7 W vs similarity 30.8 W (16%) at 2438 rpm, 11.29 m/s; FLAG 16x12E: shaft power table 37.4 W vs similarity 31.4 W (16%) at 2481 rpm, 11.48 m/s"
6.0,0.36,0.8,0.34,1.0,1.0,3.5,0.0,0.65,0.36,3.0,1.3,1.3,0.3738461538461538,0.5,3.254416104318975,-0.8039185884236508,2,mixed,False,26+26+20+10+10,5,92,20,36,10,A40-12L-V4-kv410-direct,16x12E,11.65315108056626,2.16,16.666666666666664,0.27933884297520667,9.443410161620356,11.332092193944428,11.519940101554504,94.91992886142258,96.6953008534699,11.913969528702573,0.005146528637635312,0.8482307409943916,-220.30392734657642,220.30392734657642,0.13879220466420367,1936.2948903739043,2175.2402219305936,14.333333333333332,False,"SOC floor violated (min 0.005, unmet 220 Wh); did not refill (end SOC 0.848); FLAG 16x12E: shaft power table 36.7 W vs similarity 30.7 W (16%) at 2441 rpm, 11.33 m/s; FLAG 16x12E: shaft power table 37.4 W vs similarity 31.4 W (16%) at 2484 rpm, 11.52 m/s"
6.0,0.36,0.9,0.34,1.0,1.0,5.0,0.35,1.4725000000000001,0.36,3.0,1.3,1.3,0.33230769230769225,0.5,3.336952793566207,-0.6901343916633622,2,mixed,False,26+26+20+10+10,5,92,20,36,10,A40-12L-V4-kv410-direct,16x12E,11.631672126720108,2.16,16.666666666666664,0.2911511354737667,9.38269327331328,11.259231927975934,11.445872057862724,95.03775400459651,96.82114536200599,11.866538273053331,0.0037810529824053567,0.8456332186020886,-220.69734610426974,220.69734610426974,0.12830516228619615,1936.2948903739043,2178.145545898613,14.333333333333332,False,"SOC floor violated (min 0.004, unmet 221 Wh); did not refill (end SOC 0.846); FLAG 16x12E: shaft power table 36.7 W vs similarity 30.8 W (16%) at 2436 rpm, 11.26 m/s; FLAG 16x12E: shaft power table 37.4 W vs similarity 31.5 W (16%) at 2479 rpm, 11.45 m/s"
6.0,0.36,0.9,0.34,1.0,1.0,5.0,0.35,1.557,0.36,3.0,1.56,1.56,0.2769230769230769,0.5,3.4025601835220254,-0.4433371023840116,2,mixed,False,26+26+24+12+8+8,6,104,24,34,12,A40-12L-V4-kv410-direct,16x12E,11.80161058825857,2.16,16.666666666666664,0.3247161572052402,9.410128731850898,11.292154478221077,11.479340353065718,96.59860778045771,98.42430629870077,11.718316119021978,0.005523287325140172,0.9999999999984048,-223.04195028979606,223.04195028979606,65.57554479533046,2188.8550934661525,2216.775713456595,13.916666666666668,False,"SOC floor violated (min 0.006, unmet 223 Wh); FLAG 16x12E: shaft power table 37.4 W vs similarity 31.4 W (16%) at 2449 rpm, 11.29 m/s; FLAG 16x12E: shaft power table 38.0 W vs similarity 32.1 W (16%) at 2492 rpm, 11.48 m/s"
6.0,0.36,0.8,0.34,1.0,1.0,3.5,0.0,0.78,0.36,3.0,1.56,1.56,0.3115384615384615,0.5,3.306472606908459,-0.5309200835146592,2,mixed,False,26+26+24+12+8+8,6,104,24,34,12,A40-12L-V4-kv410-direct,16x12E,11.81883184979703,2.16,16.666666666666664,0.31441860465116284,9.477406163690173,11.372887396428206,11.561411551045099,96.60752277230233,98.42914409317191,11.776186730732404,0.0054226331867752026,0.9999999999983383,-223.07018109730393,223.07018109730393,65.42974309228232,2188.8550934661525,2216.9485615206904,13.916666666666668,False,"SOC floor violated (min 0.005, unmet 223 Wh); FLAG 16x12E: shaft power table 37.4 W vs similarity 31.4 W (16%) at 2455 rpm, 11.37 m/s; FLAG 16x12E: shaft power table 38.1 W vs similarity 32.1 W (16%) at 2499 rpm, 11.56 m/s"
6.0,0.36,0.8,0.34,1.0,1.0,3.5,0.0,0.65,0.36,3.0,1.3,1.3,0.3738461538461538,0.5,3.254849561378332,-0.8030364041702975,2,mixed,False,26+26+20+10+10+10,6,102,20,36,10,A40-12L-V4-kv410-direct,16x12E,11.841151080566261,2.16,16.666666666666664,0.27933884297520667,9.51928053426746,11.423136641120953,11.612493758911192,96.68151186575196,98.52476271937503,11.800048475477654,0.0029395219646126385,0.9999999948966334,-225.03107258142524,225.03107258142524,23.67355773306124,2146.7617262841127,2218.788793314279,14.0,False,"SOC floor violated (min 0.003, unmet 225 Wh); FLAG 16x12E: shaft power table 37.4 W vs similarity 31.4 W (16%) at 2459 rpm, 11.42 m/s; FLAG 16x12E: shaft power table 38.2 W vs similarity 32.1 W (16%) at 2503 rpm, 11.61 m/s"
6.0,0.36,0.8,0.34,1.0,1.0,5.0,0.35,1.557,0.36,3.0,1.56,1.56,0.3115384615384615,0.5,3.4021859979683295,-0.5096079601053058,2,mixed,False,26+26+24+12+8,5,96,24,34,12,A40-12L-V4-kv410-direct,16x12E,11.64683184979703,2.16,16.666666666666664,0.31441860465116284,9.348217906379816,11.217861487655778,11.403815835030562,96.08379392785996,97.92173297575486,11.80632916989986,0.004110546077614777,0.912978676513311,-228.21336504584585,228.21336504584585,0.4214462553691843,2020.4816247379867,2203.9309599856183,14.25,False,"SOC floor violated (min 0.004, unmet 228 Wh); did not refill (end SOC 0.913); FLAG 16x12E: shaft power table 37.2 W vs similarity 31.3 W (16%) at 2440 rpm, 11.22 m/s; FLAG 16x12E: shaft power table 37.8 W vs similarity 32.0 W (15%) at 2483 rpm, 11.40 m/s"
6.0,0.36,0.9,0.34,1.0,1.0,5.0,0.35,1.4725000000000001,0.36,3.0,1.3,1.3,0.33230769230769225,0.5,3.3373997850611943,-0.6892890966990519,2,mixed,False,26+26+20+10+10+10,6,102,20,36,10,A40-12L-V4-kv410-direct,16x12E,11.819672126720107,2.16,16.666666666666664,0.2911511354737667,9.458214478617606,11.349857374341127,11.537999768786353,96.83393048942877,98.6535584657444,11.752859352008937,0.00962079164935171,0.9999999987389548,-233.59395874271829,233.59395874271829,28.89007800393934,2146.7617262841127,2222.210611509449,14.0,False,"SOC floor violated (min 0.010, unmet 234 Wh); FLAG 16x12E: shaft power table 37.5 W vs similarity 31.5 W (16%) at 2455 rpm, 11.35 m/s; FLAG 16x12E: shaft power table 38.2 W vs similarity 32.2 W (16%) at 2498 rpm, 11.54 m/s"
6.0,0.36,0.8,0.34,1.0,1.0,5.0,0.35,1.4725000000000001,0.36,3.0,1.3,1.3,0.3738461538461538,0.5,3.337004226364307,-0.78463838327816,2,mixed,False,26+26+20+10+10,5,92,20,36,10,A40-12L-V4-kv410-direct,16x12E,11.65315108056626,2.16,16.666666666666664,0.27933884297520667,9.39135228137544,11.269622737650527,11.456435112152198,96.22235552226016,98.05233230127442,11.8482431117987,0.006761487414978768,0.8362129242689538,-240.53446113707446,240.53446113707446,0.39725168353661405,1936.294890373904,2206.873809999795,14.416666666666666,False,"SOC floor violated (min 0.007, unmet 241 Wh); did not refill (end SOC 0.836); FLAG 16x12E: shaft power table 37.2 W vs similarity 31.3 W (16%) at 2445 rpm, 11.27 m/s; FLAG 16x12E: shaft power table 37.9 W vs similarity 32.0 W (16%) at 2488 rpm, 11.46 m/s"
6.0,0.36,0.8,0.34,1.0,1.0,5.0,0.35,1.557,0.36,3.0,1.56,1.56,0.3115384615384615,0.5,3.4026015130473604,-0.5088965106762222,2,mixed,False,26+26+24+12+8+8,6,104,24,34,12,A40-12L-V4-kv410-direct,16x12E,11.81883184979703,2.16,16.666666666666664,0.31441860465116284,9.416991998998817,11.30039039879858,11.48771279745729,97.74233086714133,99.6143785069082,11.703001281562164,0.009697383960345016,0.9999999999953509,-243.01980793381796,243.01980793381796,57.856748484328094,2188.8550934661525,2244.5364172090503,14.0,False,"SOC floor violated (min 0.010, unmet 243 Wh); FLAG 16x12E: shaft power table 37.8 W vs similarity 31.9 W (16%) at 2457 rpm, 11.30 m/s; FLAG 16x12E: shaft power table 38.5 W vs similarity 32.6 W (15%) at 2501 rpm, 11.49 m/s"
6.0,0.36,0.8,0.34,1.0,1.0,5.0,0.35,1.4725000000000001,0.36,3.0,1.3,1.3,0.3738461538461538,0.5,3.3374504005275147,-0.7837589546523891,2,mixed,False,26+26+20+10+10+10,6,102,20,36,10,A40-12L-V4-kv410-direct,16x12E,11.841151080566261,2.16,16.666666666666664,0.27933884297520667,9.466804409902487,11.360165291882984,11.548478556870819,98.04696987291216,99.91469380017581,11.734860010020004,0.0044790663522581535,0.9999994701204081,-245.6563685123793,245.6563685123793,11.484570397570634,2146.761726284113,2251.648872561926,14.083333333333334,False,"SOC floor violated (min 0.004, unmet 246 Wh); FLAG 16x12E: shaft power table 38.0 W vs similarity 32.0 W (16%) at 2463 rpm, 11.36 m/s; FLAG 16x12E: shaft power table 38.7 W vs similarity 32.7 W (15%) at 2507 rpm, 11.55 m/s"
6.0,0.36,1.0,0.34,1.0,1.0,5.0,0.0,0.78,0.36,3.0,1.56,1.56,0.2492307692307692,0.5,2.9192122917953176,-0.502334671477342,2,mixed,False,26+26+24+12+8,5,96,24,34,12,A40-12L-V4-kv410-direct,16x12E,11.6322335790278,2.16,16.666666666666664,0.3334529147982063,9.654629994657437,11.585555993588924,11.77760547700718,97.91273104033344,99.87735525969124,12.158041386999919,0.008596527831575643,0.8982167782548324,-258.7880048475073,258.7880048475073,0.2300007407741648,2020.4816247379867,2249.060631106745,14.25,False,"SOC floor violated (min 0.009, unmet 259 Wh); did not refill (end SOC 0.898); FLAG 16x12E: shaft power table 38.1 W vs similarity 31.8 W (17%) at 2480 rpm, 11.59 m/s; FLAG 16x12E: shaft power table 38.9 W vs similarity 32.6 W (16%) at 2525 rpm, 11.78 m/s"
6.0,0.36,1.0,0.34,1.0,1.0,5.0,0.0,0.65,0.36,3.0,1.3,1.3,0.2990769230769231,0.5000000000000001,2.852613713276609,-0.7271421141469128,2,mixed,False,26+26+20+10+10,5,92,20,36,10,A40-12L-V4-kv410-direct,16x12E,11.630888963643184,2.16,16.666666666666664,0.3013454368617281,9.699448619256506,11.639338343107807,11.832279356673412,97.75854249265747,99.71837186390253,12.210757383447048,0.006083401338539948,0.8194058592754488,-262.20420594890805,262.20420594890805,0.23270880263711052,1936.294890373904,2244.986717964876,14.416666666666666,False,"SOC floor violated (min 0.006, unmet 262 Wh); did not refill (end SOC 0.819); FLAG 16x12E: shaft power table 38.1 W vs similarity 31.7 W (17%) at 2483 rpm, 11.64 m/s; FLAG 16x12E: shaft power table 38.8 W vs similarity 32.4 W (16%) at 2528 rpm, 11.83 m/s"
6.0,0.36,1.0,0.34,1.0,1.0,5.0,0.0,0.78,0.36,3.0,1.56,1.56,0.2492307692307692,0.5,2.9195650346111703,-0.5016460123982058,2,mixed,False,26+26+24+12+8+8,6,104,24,34,12,A40-12L-V4-kv410-direct,16x12E,11.8042335790278,2.16,16.666666666666664,0.3334529147982063,9.725747150089536,11.670896580107442,11.864360722914038,99.61427900224511,101.66550869646049,12.050941885126909,0.006113120376021746,0.9999999988753013,-265.8620065924829,265.8620065924829,34.14304736517311,2188.855093466152,2291.084057188184,14.083333333333334,False,"SOC floor violated (min 0.006, unmet 266 Wh); FLAG 16x12E: shaft power table 38.9 W vs similarity 32.4 W (17%) at 2497 rpm, 11.67 m/s; FLAG 16x12E: shaft power table 39.6 W vs similarity 33.2 W (16%) at 2543 rpm, 11.86 m/s"
6.0,0.36,1.0,0.34,1.0,1.0,5.0,0.0,0.65,0.36,3.0,1.3,1.3,0.2990769230769231,0.5000000000000001,2.85298900827409,-0.726307346361821,2,mixed,False,26+26+20+10+10+10,6,102,20,36,10,A40-12L-V4-kv410-direct,16x12E,11.818888963643184,2.16,16.666666666666664,0.3013454368617281,9.777524621092944,11.733029545311533,11.927523643337999,99.63329531154497,101.68500354168086,12.093103155512457,0.003930914326070152,0.9932088029368182,-267.6818629796323,267.6818629796323,0.2266599482885662,2146.761726284113,2291.5451940925996,14.083333333333334,False,"SOC floor violated (min 0.004, unmet 268 Wh); FLAG 16x12E: shaft power table 38.9 W vs similarity 32.4 W (17%) at 2502 rpm, 11.73 m/s; FLAG 16x12E: shaft power table 39.6 W vs similarity 33.2 W (16%) at 2548 rpm, 11.93 m/s"
6.0,0.36,0.9,0.34,1.0,1.0,5.0,0.0,0.78,0.36,3.0,1.56,1.56,0.2769230769230769,0.5,2.919206872201965,-0.5551774712334279,2,mixed,False,26+26+24+12+8,5,96,24,34,12,A40-12L-V4-kv410-direct,16x12E,11.629610588258569,2.16,16.666666666666664,0.3247161572052402,9.653541406083985,11.584249687300781,11.776277516562088,98.6593839114448,100.63761387229184,12.15573160108616,0.008939073995100615,0.891097392884788,-269.70924666117423,269.70924666117423,0.16664585639078192,2020.4816247379867,2266.948103496192,14.333333333333332,False,"SOC floor violated (min 0.009, unmet 270 Wh); did not refill (end SOC 0.891); FLAG 16x12E: shaft power table 38.4 W vs similarity 32.1 W (16%) at 2484 rpm, 11.58 m/s; FLAG 16x12E: shaft power table 39.2 W vs similarity 32.9 W (16%) at 2529 rpm, 11.78 m/s"
6.0,0.36,0.9,0.34,1.0,1.0,5.0,0.0,0.65,0.36,3.0,1.3,1.3,0.33230769230769225,0.5,2.8526152892142655,-0.8032848428756709,2,mixed,False,26+26+20+10+10,5,92,20,36,10,A40-12L-V4-kv410-direct,16x12E,11.631672126720108,2.16,16.666666666666664,0.2911511354737667,9.69977516876533,11.639730202518395,11.832677711792746,98.62013822776329,100.61829068381246,12.20577317228881,0.0050549229254343835,0.8096748034204158,-273.59304302271084,273.59304302271084,0.15771556764461653,1936.294890373904,2265.8657657987746,14.5,False,"SOC floor violated (min 0.005, unmet 274 Wh); did not refill (end SOC 0.810); FLAG 16x12E: shaft power table 38.4 W vs similarity 32.0 W (17%) at 2488 rpm, 11.64 m/s; FLAG 16x12E: shaft power table 39.2 W vs similarity 32.8 W (16%) at 2534 rpm, 11.83 m/s"
6.0,0.36,0.9,0.34,1.0,1.0,5.0,0.0,0.78,0.36,3.0,1.56,1.56,0.2769230769230769,0.5,2.919559693995724,-0.5544701248734876,2,mixed,False,26+26+24+12+8+8,6,104,24,34,12,A40-12L-V4-kv410-direct,16x12E,11.80161058825857,2.16,16.666666666666664,0.3247161572052402,9.724666522442485,11.669599826930982,11.863042473939034,100.38642692937864,102.45256353275288,12.048547957939663,0.0062822719995446145,0.9999999947856413,-276.9944055754929,276.9944055754929,26.610274392502287,2188.855093466152,2309.763434288558,14.083333333333334,False,"SOC floor violated (min 0.006, unmet 277 Wh); FLAG 16x12E: shaft power table 39.2 W vs similarity 32.7 W (16%) at 2502 rpm, 11.67 m/s; FLAG 16x12E: shaft power table 39.9 W vs similarity 33.6 W (16%) at 2548 rpm, 11.86 m/s"
6.0,0.36,0.9,0.34,1.0,1.0,5.0,0.0,0.65,0.36,3.0,1.3,1.3,0.33230769230769225,0.5,2.852990559144546,-0.8024209044253714,2,mixed,False,26+26+20+10+10+10,6,102,20,36,10,A40-12L-V4-kv410-direct,16x12E,11.819672126720107,2.16,16.666666666666664,0.2911511354737667,9.77784856310826,11.73341827572991,11.927918817596971,100.51633182427749,102.6079826205691,12.088119240267764,0.0030616742487282744,0.9831627789367128,-279.2904787741054,279.2904787741054,0.14974502504787895,2146.761726284113,2312.959863279532,14.166666666666668,False,"SOC floor violated (min 0.003, unmet 279 Wh); FLAG 16x12E: shaft power table 39.3 W vs similarity 32.8 W (17%) at 2508 rpm, 11.73 m/s; FLAG 16x12E: shaft power table 39.9 W vs similarity 33.6 W (16%) at 2554 rpm, 11.93 m/s"
6.0,0.36,0.8,0.34,1.0,1.0,5.0,0.0,0.78,0.36,3.0,1.56,1.56,0.3115384615384615,0.5,2.919242432264609,-0.6211441184761639,2,mixed,False,26+26+24+12+8,5,96,24,34,12,A40-12L-V4-kv410-direct,16x12E,11.64683184979703,2.16,16.666666666666664,0.31441860465116284,9.660686299749294,11.592823559699152,11.784993514877064,99.85239723129872,101.88670583643204,12.139560481440089,0.004299881031820179,0.87381358326092,-282.50875293359184,282.50875293359184,0.4859853871153703,2020.4816247379867,2296.122516734124,14.333333333333332,False,"SOC floor violated (min 0.004, unmet 283 Wh); did not refill (end SOC 0.874); FLAG 16x12E: shaft power table 38.9 W vs similarity 32.6 W (16%) at 2493 rpm, 11.59 m/s; FLAG 16x12E: shaft power table 39.7 W vs similarity 33.4 W (16%) at 2538 rpm, 11.78 m/s"
6.0,0.36,0.8,0.34,1.0,1.0,5.0,0.0,0.78,0.36,3.0,1.56,1.56,0.3115384615384615,0.5,2.9195947361736647,-0.6204146780239654,2,mixed,False,26+26+24+12+8+8,6,104,24,34,12,A40-12L-V4-kv410-direct,16x12E,11.81883184979703,2.16,16.666666666666664,0.31441860465116284,9.731759197385605,11.678111036862726,11.871694771054816,101.60602239549053,103.72821701695611,12.032581691584573,0.0017045393251397915,0.999999265354486,-289.93342415086073,289.93342415086073,9.700367870291174,2188.855093466152,2339.589634154647,14.083333333333334,False,"SOC floor violated (min 0.002, unmet 290 Wh); FLAG 16x12E: shaft power table 39.7 W vs similarity 33.3 W (16%) at 2510 rpm, 11.68 m/s; FLAG 16x12E: shaft power table 40.4 W vs similarity 34.1 W (15%) at 2556 rpm, 11.87 m/s"
6.0,0.36,0.8,0.34,1.0,1.0,5.0,0.0,0.65,0.36,3.0,1.3,1.3,0.3738461538461538,0.5,2.8526584694151733,-0.8983640232896448,2,mixed,False,26+26+20+10+10,5,92,20,36,10,A40-12L-V4-kv410-direct,16x12E,11.65315108056626,2.16,16.666666666666664,0.27933884297520667,9.708726802261266,11.650472162713518,11.843597737495259,99.88606592818364,101.94196874060356,12.18671474495527,0.008169805639957835,0.7996924784826672,-295.0982560587171,295.0982560587171,0.436840042295208,1936.294890373904,2296.7966589944035,14.5,False,"SOC floor violated (min 0.008, unmet 295 Wh); did not refill (end SOC 0.800); FLAG 16x12E: shaft power table 39.0 W vs similarity 32.6 W (16%) at 2497 rpm, 11.65 m/s; FLAG 16x12E: shaft power table 39.7 W vs similarity 33.4 W (16%) at 2543 rpm, 11.84 m/s"
6.0,0.36,0.8,0.34,1.0,1.0,5.0,0.0,0.65,0.36,3.0,1.3,1.3,0.3738461538461538,0.5,2.85303305315781,-0.897465198339567,2,mixed,False,26+26+20+10+10+10,6,102,20,36,10,A40-12L-V4-kv410-direct,16x12E,11.841151080566261,2.16,16.666666666666664,0.27933884297520667,9.786728785423046,11.744074542507654,11.938751729373971,101.8129921787863,103.96489402852738,12.069345397021136,0.0065036685514706215,0.9727012017186457,-300.9474829002868,300.9474829002868,0.46061118936511986,2146.761726284113,2344.492855325847,14.25,False,"SOC floor violated (min 0.007, unmet 301 Wh); FLAG 16x12E: shaft power table 39.8 W vs similarity 33.3 W (16%) at 2517 rpm, 11.74 m/s; FLAG 16x12E: shaft power table 40.5 W vs similarity 34.2 W (16%) at 2563 rpm, 11.94 m/s"
